Test case 1 - check a sample database generate SQL
# server1 on localhost: ... connected.
# server2 on localhost: ... connected.
# Checking databases inventory on server1 and inventory on server2
#
#                                                   Defn    Row     Data   
# Type      Object Name                             Diff    Count   Check  
# ------------------------------------------------------------------------- 
# TABLE     supplier                                pass    pass    pass    
# TABLE     supplies                                pass    pass    pass    
# VIEW      cleaning                                pass    -       -       
# VIEW      finishing_up                            pass    -       -       
# VIEW      tools                                   pass    -       -      

Databases are consistent.
#
# ...done
Test case 2 - check database with known differences generate SQL direction = server1 (default)
# server1 on localhost: ... connected.
# server2 on localhost: ... connected.
# Checking databases inventory on server1 and inventory on server2
#
# WARNING: Objects in server1.inventory but not in server2.inventory:
#         VIEW: finishing_up
#         VIEW: cleaning
#
#                                                   Defn    Row     Data   
# Type      Object Name                             Diff    Count   Check  
# ------------------------------------------------------------------------- 
# TABLE     supplier                                pass    FAIL    FAIL    
#
# Row counts are not the same among `inventory`.`supplier` and `inventory`.`supplier`.
#
# Transformation for --changes-for=server1:
#

# Data differences found among rows:
UPDATE inventory.supplier SET name = 'Wesayso Corporation' WHERE code = '2';
INSERT INTO inventory.supplier (code, name) VALUES('3', 'Never Enough Inc.');


# TABLE     supplies                                pass    FAIL    FAIL    
#
# Row counts are not the same among `inventory`.`supplies` and `inventory`.`supplies`.
#
# Transformation for --changes-for=server1:
#

# Data differences found among rows:
UPDATE inventory.supplies SET cost = '10.00' WHERE stock_number = '11040';
UPDATE inventory.supplies SET cost = '10.00' WHERE stock_number = '11186';
UPDATE inventory.supplies SET cost = '10.00' WHERE stock_number = '11146';
DELETE FROM inventory.supplies WHERE stock_number = '11104';
DELETE FROM inventory.supplies WHERE stock_number = '11056';
DELETE FROM inventory.supplies WHERE stock_number = '11136';
DELETE FROM inventory.supplies WHERE stock_number = '11173';
DELETE FROM inventory.supplies WHERE stock_number = '11106';
DELETE FROM inventory.supplies WHERE stock_number = '11270';
INSERT INTO inventory.supplies (stock_number, description, qty, cost, type, notes, supplier) VALUES('11269', 'Microfiber spray on car wash towel', '3', '16.99', 'cleaning', '', '1');
INSERT INTO inventory.supplies (stock_number, description, qty, cost, type, notes, supplier) VALUES('11116', 'Microfiber wax removal towel', '3', '16.99', 'waxing', '', '1');
INSERT INTO inventory.supplies (stock_number, description, qty, cost, type, notes, supplier) VALUES('10665', 'Glass polish pad', '3', '10.00', 'polishing', '', '1');


# VIEW      tools                                   FAIL    -       -       
#
# Transformation for --changes-for=server1:
#

ALTER VIEW inventory.tools AS 
  select `inventory`.`supplies`.`stock_number` AS `stock_number`,`inventory`.`supplies`.`description` AS `description`,`inventory`.`supplies`.`qty` AS `qty`,`inventory`.`supplies`.`cost` AS `cost`,`inventory`.`supplies`.`type` AS `type`,`inventory`.`supplies`.`notes` AS `notes`,`inventory`.`supplies`.`supplier` AS `supplier` from `inventory`.`supplies` where (`inventory`.`supplies`.`type` in ('tool','other'));



# Database consistency check failed.
#
# ...done
Test case 3 - check database with known differences generate SQL direction = server2
# server1 on localhost: ... connected.
# server2 on localhost: ... connected.
# Checking databases inventory on server1 and inventory on server2
#
# WARNING: Objects in server1.inventory but not in server2.inventory:
#         VIEW: finishing_up
#         VIEW: cleaning
#
#                                                   Defn    Row     Data   
# Type      Object Name                             Diff    Count   Check  
# ------------------------------------------------------------------------- 
# TABLE     supplier                                pass    FAIL    FAIL    
#
# Row counts are not the same among `inventory`.`supplier` and `inventory`.`supplier`.
#
# Transformation for --changes-for=server2:
#

# Data differences found among rows:
UPDATE inventory.supplier SET name = 'Never Enough Inc.' WHERE code = '2';
DELETE FROM inventory.supplier WHERE code = '3';


# TABLE     supplies                                pass    FAIL    FAIL    
#
# Row counts are not the same among `inventory`.`supplies` and `inventory`.`supplies`.
#
# Transformation for --changes-for=server2:
#

# Data differences found among rows:
UPDATE inventory.supplies SET cost = '9.99' WHERE stock_number = '11040';
UPDATE inventory.supplies SET cost = '9.99' WHERE stock_number = '11186';
UPDATE inventory.supplies SET cost = '9.99' WHERE stock_number = '11146';
DELETE FROM inventory.supplies WHERE stock_number = '11269';
DELETE FROM inventory.supplies WHERE stock_number = '11116';
DELETE FROM inventory.supplies WHERE stock_number = '10665';
INSERT INTO inventory.supplies (stock_number, description, qty, cost, type, notes, supplier) VALUES('11104', 'Interior cleaner', '1', '9.99', 'cleaning', '', '1');
INSERT INTO inventory.supplies (stock_number, description, qty, cost, type, notes, supplier) VALUES('11056', 'Microfiber and foam pad cleaner', '1', '9.99', 'cleaning', '', '1');
INSERT INTO inventory.supplies (stock_number, description, qty, cost, type, notes, supplier) VALUES('11136', 'Rubber cleaner', '1', '9.99', 'cleaning', '', '1');
INSERT INTO inventory.supplies (stock_number, description, qty, cost, type, notes, supplier) VALUES('11173', 'Vinyl and rubber dressing', '1', '9.99', 'cleaning', '', '1');
INSERT INTO inventory.supplies (stock_number, description, qty, cost, type, notes, supplier) VALUES('11106', 'Wheel cleaner', '1', '9.99', 'cleaning', '', '1');
INSERT INTO inventory.supplies (stock_number, description, qty, cost, type, notes, supplier) VALUES('11270', 'Carpet cleaner', '1', '9.99', 'cleaning', '', '1');


# VIEW      tools                                   FAIL    -       -       
#
# Transformation for --changes-for=server2:
#

ALTER VIEW inventory.tools AS 
  select `inventory`.`supplies`.`stock_number` AS `stock_number`,`inventory`.`supplies`.`description` AS `description`,`inventory`.`supplies`.`qty` AS `qty`,`inventory`.`supplies`.`cost` AS `cost`,`inventory`.`supplies`.`type` AS `type`,`inventory`.`supplies`.`notes` AS `notes`,`inventory`.`supplies`.`supplier` AS `supplier` from `inventory`.`supplies` where (`inventory`.`supplies`.`type` = 'tool');



# Database consistency check failed.
#
# ...done
Test case 4 - check database with known differences generate SQL direction = server1 with reverse
# server1 on localhost: ... connected.
# server2 on localhost: ... connected.
# Checking databases inventory on server1 and inventory on server2
#
# WARNING: Objects in server1.inventory but not in server2.inventory:
#         VIEW: finishing_up
#         VIEW: cleaning
#
#                                                   Defn    Row     Data   
# Type      Object Name                             Diff    Count   Check  
# ------------------------------------------------------------------------- 
# TABLE     supplier                                pass    FAIL    FAIL    
#
# Row counts are not the same among `inventory`.`supplier` and `inventory`.`supplier`.
#
# Transformation for --changes-for=server1:
#

# Data differences found among rows:
UPDATE inventory.supplier SET name = 'Wesayso Corporation' WHERE code = '2';
INSERT INTO inventory.supplier (code, name) VALUES('3', 'Never Enough Inc.');

#
# Transformation for reverse changes (--changes-for=server2):
#
# # Data differences found among rows:
# UPDATE inventory.supplier SET name = 'Never Enough Inc.' WHERE code = '2';
# DELETE FROM inventory.supplier WHERE code = '3';
#


# TABLE     supplies                                pass    FAIL    FAIL    
#
# Row counts are not the same among `inventory`.`supplies` and `inventory`.`supplies`.
#
# Transformation for --changes-for=server1:
#

# Data differences found among rows:
UPDATE inventory.supplies SET cost = '10.00' WHERE stock_number = '11040';
UPDATE inventory.supplies SET cost = '10.00' WHERE stock_number = '11186';
UPDATE inventory.supplies SET cost = '10.00' WHERE stock_number = '11146';
DELETE FROM inventory.supplies WHERE stock_number = '11104';
DELETE FROM inventory.supplies WHERE stock_number = '11056';
DELETE FROM inventory.supplies WHERE stock_number = '11136';
DELETE FROM inventory.supplies WHERE stock_number = '11173';
DELETE FROM inventory.supplies WHERE stock_number = '11106';
DELETE FROM inventory.supplies WHERE stock_number = '11270';
INSERT INTO inventory.supplies (stock_number, description, qty, cost, type, notes, supplier) VALUES('11269', 'Microfiber spray on car wash towel', '3', '16.99', 'cleaning', '', '1');
INSERT INTO inventory.supplies (stock_number, description, qty, cost, type, notes, supplier) VALUES('11116', 'Microfiber wax removal towel', '3', '16.99', 'waxing', '', '1');
INSERT INTO inventory.supplies (stock_number, description, qty, cost, type, notes, supplier) VALUES('10665', 'Glass polish pad', '3', '10.00', 'polishing', '', '1');

#
# Transformation for reverse changes (--changes-for=server2):
#
# # Data differences found among rows:
# UPDATE inventory.supplies SET cost = '9.99' WHERE stock_number = '11040';
# UPDATE inventory.supplies SET cost = '9.99' WHERE stock_number = '11186';
# UPDATE inventory.supplies SET cost = '9.99' WHERE stock_number = '11146';
# DELETE FROM inventory.supplies WHERE stock_number = '11269';
# DELETE FROM inventory.supplies WHERE stock_number = '11116';
# DELETE FROM inventory.supplies WHERE stock_number = '10665';
# INSERT INTO inventory.supplies (stock_number, description, qty, cost, type, notes, supplier) VALUES('11104', 'Interior cleaner', '1', '9.99', 'cleaning', '', '1');
# INSERT INTO inventory.supplies (stock_number, description, qty, cost, type, notes, supplier) VALUES('11056', 'Microfiber and foam pad cleaner', '1', '9.99', 'cleaning', '', '1');
# INSERT INTO inventory.supplies (stock_number, description, qty, cost, type, notes, supplier) VALUES('11136', 'Rubber cleaner', '1', '9.99', 'cleaning', '', '1');
# INSERT INTO inventory.supplies (stock_number, description, qty, cost, type, notes, supplier) VALUES('11173', 'Vinyl and rubber dressing', '1', '9.99', 'cleaning', '', '1');
# INSERT INTO inventory.supplies (stock_number, description, qty, cost, type, notes, supplier) VALUES('11106', 'Wheel cleaner', '1', '9.99', 'cleaning', '', '1');
# INSERT INTO inventory.supplies (stock_number, description, qty, cost, type, notes, supplier) VALUES('11270', 'Carpet cleaner', '1', '9.99', 'cleaning', '', '1');
#


# VIEW      tools                                   FAIL    -       -       
#
# Transformation for --changes-for=server1:
#

ALTER VIEW inventory.tools AS 
  select `inventory`.`supplies`.`stock_number` AS `stock_number`,`inventory`.`supplies`.`description` AS `description`,`inventory`.`supplies`.`qty` AS `qty`,`inventory`.`supplies`.`cost` AS `cost`,`inventory`.`supplies`.`type` AS `type`,`inventory`.`supplies`.`notes` AS `notes`,`inventory`.`supplies`.`supplier` AS `supplier` from `inventory`.`supplies` where (`inventory`.`supplies`.`type` in ('tool','other'));

#
# Transformation for reverse changes (--changes-for=server2):
#
# ALTER VIEW inventory.tools AS 
#   select `inventory`.`supplies`.`stock_number` AS `stock_number`,`inventory`.`supplies`.`description` AS `description`,`inventory`.`supplies`.`qty` AS `qty`,`inventory`.`supplies`.`cost` AS `cost`,`inventory`.`supplies`.`type` AS `type`,`inventory`.`supplies`.`notes` AS `notes`,`inventory`.`supplies`.`supplier` AS `supplier` from `inventory`.`supplies` where (`inventory`.`supplies`.`type` = 'tool');
#



# Database consistency check failed.
#
# ...done
Test case 5 - check database with known differences generate SQL direction = server2 with reverse
# server1 on localhost: ... connected.
# server2 on localhost: ... connected.
# Checking databases inventory on server1 and inventory on server2
#
# WARNING: Objects in server1.inventory but not in server2.inventory:
#         VIEW: finishing_up
#         VIEW: cleaning
#
#                                                   Defn    Row     Data   
# Type      Object Name                             Diff    Count   Check  
# ------------------------------------------------------------------------- 
# TABLE     supplier                                pass    FAIL    FAIL    
#
# Row counts are not the same among `inventory`.`supplier` and `inventory`.`supplier`.
#
# Transformation for --changes-for=server2:
#

# Data differences found among rows:
UPDATE inventory.supplier SET name = 'Never Enough Inc.' WHERE code = '2';
DELETE FROM inventory.supplier WHERE code = '3';

#
# Transformation for reverse changes (--changes-for=server1):
#
# # Data differences found among rows:
# UPDATE inventory.supplier SET name = 'Wesayso Corporation' WHERE code = '2';
# INSERT INTO inventory.supplier (code, name) VALUES('3', 'Never Enough Inc.');
#


# TABLE     supplies                                pass    FAIL    FAIL    
#
# Row counts are not the same among `inventory`.`supplies` and `inventory`.`supplies`.
#
# Transformation for --changes-for=server2:
#

# Data differences found among rows:
UPDATE inventory.supplies SET cost = '9.99' WHERE stock_number = '11040';
UPDATE inventory.supplies SET cost = '9.99' WHERE stock_number = '11186';
UPDATE inventory.supplies SET cost = '9.99' WHERE stock_number = '11146';
DELETE FROM inventory.supplies WHERE stock_number = '11269';
DELETE FROM inventory.supplies WHERE stock_number = '11116';
DELETE FROM inventory.supplies WHERE stock_number = '10665';
INSERT INTO inventory.supplies (stock_number, description, qty, cost, type, notes, supplier) VALUES('11104', 'Interior cleaner', '1', '9.99', 'cleaning', '', '1');
INSERT INTO inventory.supplies (stock_number, description, qty, cost, type, notes, supplier) VALUES('11056', 'Microfiber and foam pad cleaner', '1', '9.99', 'cleaning', '', '1');
INSERT INTO inventory.supplies (stock_number, description, qty, cost, type, notes, supplier) VALUES('11136', 'Rubber cleaner', '1', '9.99', 'cleaning', '', '1');
INSERT INTO inventory.supplies (stock_number, description, qty, cost, type, notes, supplier) VALUES('11173', 'Vinyl and rubber dressing', '1', '9.99', 'cleaning', '', '1');
INSERT INTO inventory.supplies (stock_number, description, qty, cost, type, notes, supplier) VALUES('11106', 'Wheel cleaner', '1', '9.99', 'cleaning', '', '1');
INSERT INTO inventory.supplies (stock_number, description, qty, cost, type, notes, supplier) VALUES('11270', 'Carpet cleaner', '1', '9.99', 'cleaning', '', '1');

#
# Transformation for reverse changes (--changes-for=server1):
#
# # Data differences found among rows:
# UPDATE inventory.supplies SET cost = '10.00' WHERE stock_number = '11040';
# UPDATE inventory.supplies SET cost = '10.00' WHERE stock_number = '11186';
# UPDATE inventory.supplies SET cost = '10.00' WHERE stock_number = '11146';
# DELETE FROM inventory.supplies WHERE stock_number = '11104';
# DELETE FROM inventory.supplies WHERE stock_number = '11056';
# DELETE FROM inventory.supplies WHERE stock_number = '11136';
# DELETE FROM inventory.supplies WHERE stock_number = '11173';
# DELETE FROM inventory.supplies WHERE stock_number = '11106';
# DELETE FROM inventory.supplies WHERE stock_number = '11270';
# INSERT INTO inventory.supplies (stock_number, description, qty, cost, type, notes, supplier) VALUES('11269', 'Microfiber spray on car wash towel', '3', '16.99', 'cleaning', '', '1');
# INSERT INTO inventory.supplies (stock_number, description, qty, cost, type, notes, supplier) VALUES('11116', 'Microfiber wax removal towel', '3', '16.99', 'waxing', '', '1');
# INSERT INTO inventory.supplies (stock_number, description, qty, cost, type, notes, supplier) VALUES('10665', 'Glass polish pad', '3', '10.00', 'polishing', '', '1');
#


# VIEW      tools                                   FAIL    -       -       
#
# Transformation for --changes-for=server2:
#

ALTER VIEW inventory.tools AS 
  select `inventory`.`supplies`.`stock_number` AS `stock_number`,`inventory`.`supplies`.`description` AS `description`,`inventory`.`supplies`.`qty` AS `qty`,`inventory`.`supplies`.`cost` AS `cost`,`inventory`.`supplies`.`type` AS `type`,`inventory`.`supplies`.`notes` AS `notes`,`inventory`.`supplies`.`supplier` AS `supplier` from `inventory`.`supplies` where (`inventory`.`supplies`.`type` = 'tool');

#
# Transformation for reverse changes (--changes-for=server1):
#
# ALTER VIEW inventory.tools AS 
#   select `inventory`.`supplies`.`stock_number` AS `stock_number`,`inventory`.`supplies`.`description` AS `description`,`inventory`.`supplies`.`qty` AS `qty`,`inventory`.`supplies`.`cost` AS `cost`,`inventory`.`supplies`.`type` AS `type`,`inventory`.`supplies`.`notes` AS `notes`,`inventory`.`supplies`.`supplier` AS `supplier` from `inventory`.`supplies` where (`inventory`.`supplies`.`type` in ('tool','other'));
#



# Database consistency check failed.
#
# ...done
