Test case 1 - help
Usage: mysqldbexport.py --server=user:pass@host:port:socket db1, db2, db3

mysqldbexport - export metadata and data from databases

Options:
  --version             show program's version number and exit
  --help                display a help message and exit
  --server=SERVER       connection information for the server in the form:
                        <user>[:<password>]@<host>[:<port>][:<socket>] or
                        <login-path>[:<port>][:<socket>].
  -f FORMAT, --format=FORMAT
                        display the output in either sql (default), grid, tab,
                        csv, or vertical format
  -d DISPLAY, --display=DISPLAY
                        control the number of columns shown: 'brief' = minimal
                        columns for object creation (default), 'full' = all
                        columns, 'names' = only object names (not valid for
                        --format=sql)
  -e EXPORT, --export=EXPORT
                        control the export of either 'data' = only the table
                        data for the tables in the database list,
                        'definitions' = export only the definitions for the
                        objects in the database list, or 'both' = export the
                        metadata followed by the data (default: export
                        definitions)
  -b, --bulk-insert     use bulk insert statements for data (default:False)
  -h, --no-headers      do not display the column headers - ignored for grid
                        format
  --skip-blobs          do not export blob data.
  --file-per-table      write table data to separate files. Valid only for
                        --export=data or --export=both.
  -x EXCLUDE, --exclude=EXCLUDE
                        exclude one or more objects from the operation using
                        either a specific name (e.g. db1.t1), a LIKE pattern
                        (e.g. db1.t% or db%.%) or a REGEXP search pattern. To
                        use a REGEXP search pattern for all exclusions, you
                        must also specify the --regexp option. Repeat the
                        --exclude option for multiple exclusions.
  -a, --all             include all databases
  --skip=SKIP_OBJECTS   specify objects to skip in the operation in the form
                        of a comma-separated list (no spaces). Valid values =
                        tables, views, triggers, procedures, functions,
                        events, grants, data, create_db
  -v, --verbose         control how much information is displayed. e.g., -v =
                        verbose, -vv = more verbose, -vvv = debug
  -q, --quiet           turn off all messages for quiet execution.
  -G, --basic-regexp, --regexp
                        use 'REGEXP' operator to match pattern. Default is to
                        use 'LIKE'.
  --locking=LOCKING     choose the lock type for the operation: no-locks = do
                        not use any table locks, lock-all = use table locks
                        but no transaction and no consistent read, snaphot
                        (default): consistent read using a single transaction.
  --rpl-user=RPL_USER   the user and password for the replication user
                        requirement, in the form: <user>[:<password>] or
                        <login-path>. E.g. rpl:passwd - By default = none
  --rpl=RPL_MODE, --replication=RPL_MODE
                        include replication information. Choices = 'master' =
                        include the CHANGE MASTER command using source server
                        as the master, 'slave' = include the CHANGE MASTER
                        command using the destination server's master
                        information, and 'both' = include 'master' and 'slave'
                        options where applicable.
  --rpl-file=RPL_FILE, --replication-file=RPL_FILE
                        path and file name to place the replication
                        information generated. Valid on if the --rpl option is
                        specified.
  --skip-gtid           skip creation of GTID_PURGED statements.
  --comment-rpl         place the replication statements in comment
                        statements. Valid only with --rpl option.
Test case 2 - no grants
# Source on localhost: ... connected.
# Exporting metadata from util_test
DROP DATABASE IF EXISTS `util_test`;
CREATE DATABASE `util_test`;
USE `util_test`;
# TABLE: util_test.t1
CREATE TABLE `t1` (
  `a` char(30) DEFAULT NULL
) ENGINE=MEMORY DEFAULT CHARSET=latin1;
# TABLE: util_test.t2
CREATE TABLE `t2` (
  `a` char(30) DEFAULT NULL
) ENGINE=MyISAM DEFAULT CHARSET=latin1;
# TABLE: util_test.t3
CREATE TABLE `t3` (
  `a` int(11) NOT NULL AUTO_INCREMENT,
  `b` char(30) DEFAULT NULL,
  PRIMARY KEY (`a`)
) ENGINE=InnoDB AUTO_INCREMENT=4 DEFAULT CHARSET=latin1;
# TABLE: util_test.t4
CREATE TABLE `t4` (
  `c` int(11) NOT NULL,
  `d` int(11) NOT NULL,
  KEY `ref_t3` (`c`),
  CONSTRAINT `ref_t3` FOREIGN KEY (`c`) REFERENCES `t3` (`a`)
) ENGINE=InnoDB DEFAULT CHARSET=latin1;
# VIEW: util_test.v1
CREATE ALGORITHM=UNDEFINED DEFINER=`root`@`localhost` SQL SECURITY DEFINER VIEW `util_test`.`v1` AS select `util_test`.`t1`.`a` AS `a` from `util_test`.`t1`;
# TRIGGER: util_test.trg
DELIMITER ||
CREATE DEFINER=`root`@`localhost` TRIGGER util_test.trg AFTER INSERT ON util_test.t1 FOR EACH ROW INSERT INTO util_test.t2 VALUES('Test objects count');
||
DELIMITER ;
# PROCEDURE: util_test.p1
DELIMITER ||
CREATE DEFINER=`root`@`localhost` PROCEDURE `p1`(p1 CHAR(20))
INSERT INTO util_test.t1 VALUES ("50");
||
DELIMITER ;
# FUNCTION: util_test.f1
DELIMITER ||
CREATE DEFINER=`root`@`localhost` FUNCTION `f1`() RETURNS int(11)
    DETERMINISTIC
RETURN (SELECT 1);
||
DELIMITER ;
# EVENT: util_test.e1
DELIMITER ||
CREATE EVENT `e1` ON SCHEDULE EVERY 1 YEAR STARTS XXXXXXXXXXXXXXXXXXXXXXXXXXXXXXXXXXXX
||
DELIMITER ;
#...done.
Test case 3 - no events
# Source on localhost: ... connected.
# Exporting metadata from util_test
DROP DATABASE IF EXISTS `util_test`;
CREATE DATABASE `util_test`;
USE `util_test`;
# TABLE: util_test.t1
CREATE TABLE `t1` (
  `a` char(30) DEFAULT NULL
) ENGINE=MEMORY DEFAULT CHARSET=latin1;
# TABLE: util_test.t2
CREATE TABLE `t2` (
  `a` char(30) DEFAULT NULL
) ENGINE=MyISAM DEFAULT CHARSET=latin1;
# TABLE: util_test.t3
CREATE TABLE `t3` (
  `a` int(11) NOT NULL AUTO_INCREMENT,
  `b` char(30) DEFAULT NULL,
  PRIMARY KEY (`a`)
) ENGINE=InnoDB AUTO_INCREMENT=4 DEFAULT CHARSET=latin1;
# TABLE: util_test.t4
CREATE TABLE `t4` (
  `c` int(11) NOT NULL,
  `d` int(11) NOT NULL,
  KEY `ref_t3` (`c`),
  CONSTRAINT `ref_t3` FOREIGN KEY (`c`) REFERENCES `t3` (`a`)
) ENGINE=InnoDB DEFAULT CHARSET=latin1;
# VIEW: util_test.v1
CREATE ALGORITHM=UNDEFINED DEFINER=`root`@`localhost` SQL SECURITY DEFINER VIEW `util_test`.`v1` AS select `util_test`.`t1`.`a` AS `a` from `util_test`.`t1`;
# TRIGGER: util_test.trg
DELIMITER ||
CREATE DEFINER=`root`@`localhost` TRIGGER util_test.trg AFTER INSERT ON util_test.t1 FOR EACH ROW INSERT INTO util_test.t2 VALUES('Test objects count');
||
DELIMITER ;
# PROCEDURE: util_test.p1
DELIMITER ||
CREATE DEFINER=`root`@`localhost` PROCEDURE `p1`(p1 CHAR(20))
INSERT INTO util_test.t1 VALUES ("50");
||
DELIMITER ;
# FUNCTION: util_test.f1
DELIMITER ||
CREATE DEFINER=`root`@`localhost` FUNCTION `f1`() RETURNS int(11)
    DETERMINISTIC
RETURN (SELECT 1);
||
DELIMITER ;
#...done.
Test case 4 - no functions
# Source on localhost: ... connected.
# Exporting metadata from util_test
DROP DATABASE IF EXISTS `util_test`;
CREATE DATABASE `util_test`;
USE `util_test`;
# TABLE: util_test.t1
CREATE TABLE `t1` (
  `a` char(30) DEFAULT NULL
) ENGINE=MEMORY DEFAULT CHARSET=latin1;
# TABLE: util_test.t2
CREATE TABLE `t2` (
  `a` char(30) DEFAULT NULL
) ENGINE=MyISAM DEFAULT CHARSET=latin1;
# TABLE: util_test.t3
CREATE TABLE `t3` (
  `a` int(11) NOT NULL AUTO_INCREMENT,
  `b` char(30) DEFAULT NULL,
  PRIMARY KEY (`a`)
) ENGINE=InnoDB AUTO_INCREMENT=4 DEFAULT CHARSET=latin1;
# TABLE: util_test.t4
CREATE TABLE `t4` (
  `c` int(11) NOT NULL,
  `d` int(11) NOT NULL,
  KEY `ref_t3` (`c`),
  CONSTRAINT `ref_t3` FOREIGN KEY (`c`) REFERENCES `t3` (`a`)
) ENGINE=InnoDB DEFAULT CHARSET=latin1;
# VIEW: util_test.v1
CREATE ALGORITHM=UNDEFINED DEFINER=`root`@`localhost` SQL SECURITY DEFINER VIEW `util_test`.`v1` AS select `util_test`.`t1`.`a` AS `a` from `util_test`.`t1`;
# TRIGGER: util_test.trg
DELIMITER ||
CREATE DEFINER=`root`@`localhost` TRIGGER util_test.trg AFTER INSERT ON util_test.t1 FOR EACH ROW INSERT INTO util_test.t2 VALUES('Test objects count');
||
DELIMITER ;
# PROCEDURE: util_test.p1
DELIMITER ||
CREATE DEFINER=`root`@`localhost` PROCEDURE `p1`(p1 CHAR(20))
INSERT INTO util_test.t1 VALUES ("50");
||
DELIMITER ;
#...done.
Test case 5 - no procedures
# Source on localhost: ... connected.
# Exporting metadata from util_test
DROP DATABASE IF EXISTS `util_test`;
CREATE DATABASE `util_test`;
USE `util_test`;
# TABLE: util_test.t1
CREATE TABLE `t1` (
  `a` char(30) DEFAULT NULL
) ENGINE=MEMORY DEFAULT CHARSET=latin1;
# TABLE: util_test.t2
CREATE TABLE `t2` (
  `a` char(30) DEFAULT NULL
) ENGINE=MyISAM DEFAULT CHARSET=latin1;
# TABLE: util_test.t3
CREATE TABLE `t3` (
  `a` int(11) NOT NULL AUTO_INCREMENT,
  `b` char(30) DEFAULT NULL,
  PRIMARY KEY (`a`)
) ENGINE=InnoDB AUTO_INCREMENT=4 DEFAULT CHARSET=latin1;
# TABLE: util_test.t4
CREATE TABLE `t4` (
  `c` int(11) NOT NULL,
  `d` int(11) NOT NULL,
  KEY `ref_t3` (`c`),
  CONSTRAINT `ref_t3` FOREIGN KEY (`c`) REFERENCES `t3` (`a`)
) ENGINE=InnoDB DEFAULT CHARSET=latin1;
# VIEW: util_test.v1
CREATE ALGORITHM=UNDEFINED DEFINER=`root`@`localhost` SQL SECURITY DEFINER VIEW `util_test`.`v1` AS select `util_test`.`t1`.`a` AS `a` from `util_test`.`t1`;
# TRIGGER: util_test.trg
DELIMITER ||
CREATE DEFINER=`root`@`localhost` TRIGGER util_test.trg AFTER INSERT ON util_test.t1 FOR EACH ROW INSERT INTO util_test.t2 VALUES('Test objects count');
||
DELIMITER ;
#...done.
Test case 6 - no triggers
# Source on localhost: ... connected.
# Exporting metadata from util_test
DROP DATABASE IF EXISTS `util_test`;
CREATE DATABASE `util_test`;
USE `util_test`;
# TABLE: util_test.t1
CREATE TABLE `t1` (
  `a` char(30) DEFAULT NULL
) ENGINE=MEMORY DEFAULT CHARSET=latin1;
# TABLE: util_test.t2
CREATE TABLE `t2` (
  `a` char(30) DEFAULT NULL
) ENGINE=MyISAM DEFAULT CHARSET=latin1;
# TABLE: util_test.t3
CREATE TABLE `t3` (
  `a` int(11) NOT NULL AUTO_INCREMENT,
  `b` char(30) DEFAULT NULL,
  PRIMARY KEY (`a`)
) ENGINE=InnoDB AUTO_INCREMENT=4 DEFAULT CHARSET=latin1;
# TABLE: util_test.t4
CREATE TABLE `t4` (
  `c` int(11) NOT NULL,
  `d` int(11) NOT NULL,
  KEY `ref_t3` (`c`),
  CONSTRAINT `ref_t3` FOREIGN KEY (`c`) REFERENCES `t3` (`a`)
) ENGINE=InnoDB DEFAULT CHARSET=latin1;
# VIEW: util_test.v1
CREATE ALGORITHM=UNDEFINED DEFINER=`root`@`localhost` SQL SECURITY DEFINER VIEW `util_test`.`v1` AS select `util_test`.`t1`.`a` AS `a` from `util_test`.`t1`;
#...done.
Test case 7 - no views
# Source on localhost: ... connected.
# Exporting metadata from util_test
DROP DATABASE IF EXISTS `util_test`;
CREATE DATABASE `util_test`;
USE `util_test`;
# TABLE: util_test.t1
CREATE TABLE `t1` (
  `a` char(30) DEFAULT NULL
) ENGINE=MEMORY DEFAULT CHARSET=latin1;
# TABLE: util_test.t2
CREATE TABLE `t2` (
  `a` char(30) DEFAULT NULL
) ENGINE=MyISAM DEFAULT CHARSET=latin1;
# TABLE: util_test.t3
CREATE TABLE `t3` (
  `a` int(11) NOT NULL AUTO_INCREMENT,
  `b` char(30) DEFAULT NULL,
  PRIMARY KEY (`a`)
) ENGINE=InnoDB AUTO_INCREMENT=4 DEFAULT CHARSET=latin1;
# TABLE: util_test.t4
CREATE TABLE `t4` (
  `c` int(11) NOT NULL,
  `d` int(11) NOT NULL,
  KEY `ref_t3` (`c`),
  CONSTRAINT `ref_t3` FOREIGN KEY (`c`) REFERENCES `t3` (`a`)
) ENGINE=InnoDB DEFAULT CHARSET=latin1;
#...done.
Test case 8 - no tables
# Source on localhost: ... connected.
# Exporting metadata from util_test
DROP DATABASE IF EXISTS `util_test`;
CREATE DATABASE `util_test`;
USE `util_test`;
#...done.
Test case 9 - no create_db
# Source on localhost: ... connected.
# Exporting metadata from util_test
USE `util_test`;
#...done.
Test case 10 - no data
# Source on localhost: ... connected.
# Exporting metadata from util_test
USE `util_test`;
#...done.
Test case 11 - SQL single rows
# Source on localhost: ... connected.
# Exporting metadata from util_test
DROP DATABASE IF EXISTS `util_test`;
CREATE DATABASE `util_test`;
USE `util_test`;
# TABLE: util_test.t1
CREATE TABLE `t1` (
  `a` char(30) DEFAULT NULL
) ENGINE=MEMORY DEFAULT CHARSET=latin1;
# TABLE: util_test.t2
CREATE TABLE `t2` (
  `a` char(30) DEFAULT NULL
) ENGINE=MyISAM DEFAULT CHARSET=latin1;
# TABLE: util_test.t3
CREATE TABLE `t3` (
  `a` int(11) NOT NULL AUTO_INCREMENT,
  `b` char(30) DEFAULT NULL,
  PRIMARY KEY (`a`)
) ENGINE=InnoDB AUTO_INCREMENT=4 DEFAULT CHARSET=latin1;
# TABLE: util_test.t4
CREATE TABLE `t4` (
  `c` int(11) NOT NULL,
  `d` int(11) NOT NULL,
  KEY `ref_t3` (`c`),
  CONSTRAINT `ref_t3` FOREIGN KEY (`c`) REFERENCES `t3` (`a`)
) ENGINE=InnoDB DEFAULT CHARSET=latin1;
# VIEW: util_test.v1
CREATE ALGORITHM=UNDEFINED DEFINER=`root`@`localhost` SQL SECURITY DEFINER VIEW `util_test`.`v1` AS select `util_test`.`t1`.`a` AS `a` from `util_test`.`t1`;
# TRIGGER: util_test.trg
DELIMITER ||
CREATE DEFINER=`root`@`localhost` TRIGGER util_test.trg AFTER INSERT ON util_test.t1 FOR EACH ROW INSERT INTO util_test.t2 VALUES('Test objects count');
||
DELIMITER ;
# PROCEDURE: util_test.p1
DELIMITER ||
CREATE DEFINER=`root`@`localhost` PROCEDURE `p1`(p1 CHAR(20))
INSERT INTO util_test.t1 VALUES ("50");
||
DELIMITER ;
# FUNCTION: util_test.f1
DELIMITER ||
CREATE DEFINER=`root`@`localhost` FUNCTION `f1`() RETURNS int(11)
    DETERMINISTIC
RETURN (SELECT 1);
||
DELIMITER ;
# EVENT: util_test.e1
DELIMITER ||
CREATE EVENT `e1` ON SCHEDULE EVERY 1 YEAR STARTS XXXXXXXXXXXXXXXXXXXXXXXXXXXXXXXXXXXX
||
DELIMITER ;
# Grant:
GRANT ALTER ON `util_test`.* TO 'joe'@'user';
# Grant:
GRANT ALTER ROUTINE ON `util_test`.* TO 'joe'@'user';
# Grant:
GRANT CREATE ON `util_test`.* TO 'joe'@'user';
# Grant:
GRANT CREATE ROUTINE ON `util_test`.* TO 'joe'@'user';
# Grant:
GRANT CREATE TEMPORARY TABLES ON `util_test`.* TO 'joe'@'user';
# Grant:
GRANT CREATE VIEW ON `util_test`.* TO 'joe'@'user';
# Grant:
GRANT DELETE ON `util_test`.* TO 'joe'@'user';
# Grant:
GRANT DROP ON `util_test`.* TO 'joe'@'user';
# Grant:
GRANT EVENT ON `util_test`.* TO 'joe'@'user';
# Grant:
GRANT EXECUTE ON `util_test`.* TO 'joe'@'user';
# Grant:
GRANT INDEX ON `util_test`.* TO 'joe'@'user';
# Grant:
GRANT INSERT ON `util_test`.* TO 'joe'@'user';
# Grant:
GRANT LOCK TABLES ON `util_test`.* TO 'joe'@'user';
# Grant:
GRANT REFERENCES ON `util_test`.* TO 'joe'@'user';
# Grant:
GRANT SELECT ON `util_test`.* TO 'joe'@'user';
# Grant:
GRANT SHOW VIEW ON `util_test`.* TO 'joe'@'user';
# Grant:
GRANT TRIGGER ON `util_test`.* TO 'joe'@'user';
# Grant:
GRANT UPDATE ON `util_test`.* TO 'joe'@'user';
#...done.
Test case 12 - SQL bulk insert
# Source on localhost: ... connected.
# Exporting metadata from util_test
DROP DATABASE IF EXISTS `util_test`;
CREATE DATABASE `util_test`;
USE `util_test`;
# TABLE: util_test.t1
CREATE TABLE `t1` (
  `a` char(30) DEFAULT NULL
) ENGINE=MEMORY DEFAULT CHARSET=latin1;
# TABLE: util_test.t2
CREATE TABLE `t2` (
  `a` char(30) DEFAULT NULL
) ENGINE=MyISAM DEFAULT CHARSET=latin1;
# TABLE: util_test.t3
CREATE TABLE `t3` (
  `a` int(11) NOT NULL AUTO_INCREMENT,
  `b` char(30) DEFAULT NULL,
  PRIMARY KEY (`a`)
) ENGINE=InnoDB AUTO_INCREMENT=4 DEFAULT CHARSET=latin1;
# TABLE: util_test.t4
CREATE TABLE `t4` (
  `c` int(11) NOT NULL,
  `d` int(11) NOT NULL,
  KEY `ref_t3` (`c`),
  CONSTRAINT `ref_t3` FOREIGN KEY (`c`) REFERENCES `t3` (`a`)
) ENGINE=InnoDB DEFAULT CHARSET=latin1;
# VIEW: util_test.v1
CREATE ALGORITHM=UNDEFINED DEFINER=`root`@`localhost` SQL SECURITY DEFINER VIEW `util_test`.`v1` AS select `util_test`.`t1`.`a` AS `a` from `util_test`.`t1`;
# TRIGGER: util_test.trg
DELIMITER ||
CREATE DEFINER=`root`@`localhost` TRIGGER util_test.trg AFTER INSERT ON util_test.t1 FOR EACH ROW INSERT INTO util_test.t2 VALUES('Test objects count');
||
DELIMITER ;
# PROCEDURE: util_test.p1
DELIMITER ||
CREATE DEFINER=`root`@`localhost` PROCEDURE `p1`(p1 CHAR(20))
INSERT INTO util_test.t1 VALUES ("50");
||
DELIMITER ;
# FUNCTION: util_test.f1
DELIMITER ||
CREATE DEFINER=`root`@`localhost` FUNCTION `f1`() RETURNS int(11)
    DETERMINISTIC
RETURN (SELECT 1);
||
DELIMITER ;
# EVENT: util_test.e1
DELIMITER ||
CREATE EVENT `e1` ON SCHEDULE EVERY 1 YEAR STARTS XXXXXXXXXXXXXXXXXXXXXXXXXXXXXXXXXXXX
||
DELIMITER ;
# Grant:
GRANT ALTER ON `util_test`.* TO 'joe'@'user';
# Grant:
GRANT ALTER ROUTINE ON `util_test`.* TO 'joe'@'user';
# Grant:
GRANT CREATE ON `util_test`.* TO 'joe'@'user';
# Grant:
GRANT CREATE ROUTINE ON `util_test`.* TO 'joe'@'user';
# Grant:
GRANT CREATE TEMPORARY TABLES ON `util_test`.* TO 'joe'@'user';
# Grant:
GRANT CREATE VIEW ON `util_test`.* TO 'joe'@'user';
# Grant:
GRANT DELETE ON `util_test`.* TO 'joe'@'user';
# Grant:
GRANT DROP ON `util_test`.* TO 'joe'@'user';
# Grant:
GRANT EVENT ON `util_test`.* TO 'joe'@'user';
# Grant:
GRANT EXECUTE ON `util_test`.* TO 'joe'@'user';
# Grant:
GRANT INDEX ON `util_test`.* TO 'joe'@'user';
# Grant:
GRANT INSERT ON `util_test`.* TO 'joe'@'user';
# Grant:
GRANT LOCK TABLES ON `util_test`.* TO 'joe'@'user';
# Grant:
GRANT REFERENCES ON `util_test`.* TO 'joe'@'user';
# Grant:
GRANT SELECT ON `util_test`.* TO 'joe'@'user';
# Grant:
GRANT SHOW VIEW ON `util_test`.* TO 'joe'@'user';
# Grant:
GRANT TRIGGER ON `util_test`.* TO 'joe'@'user';
# Grant:
GRANT UPDATE ON `util_test`.* TO 'joe'@'user';
#...done.
Test case 13 - sql format
# Source on localhost: ... connected.
# Exporting metadata from util_test
DROP DATABASE IF EXISTS `util_test`;
CREATE DATABASE `util_test`;
USE `util_test`;
# TABLE: util_test.t1
CREATE TABLE `t1` (
  `a` char(30) DEFAULT NULL
) ENGINE=MEMORY DEFAULT CHARSET=latin1;
# TABLE: util_test.t2
CREATE TABLE `t2` (
  `a` char(30) DEFAULT NULL
) ENGINE=MyISAM DEFAULT CHARSET=latin1;
# TABLE: util_test.t3
CREATE TABLE `t3` (
  `a` int(11) NOT NULL AUTO_INCREMENT,
  `b` char(30) DEFAULT NULL,
  PRIMARY KEY (`a`)
) ENGINE=InnoDB AUTO_INCREMENT=4 DEFAULT CHARSET=latin1;
# TABLE: util_test.t4
CREATE TABLE `t4` (
  `c` int(11) NOT NULL,
  `d` int(11) NOT NULL,
  KEY `ref_t3` (`c`),
  CONSTRAINT `ref_t3` FOREIGN KEY (`c`) REFERENCES `t3` (`a`)
) ENGINE=InnoDB DEFAULT CHARSET=latin1;
# VIEW: util_test.v1
CREATE ALGORITHM=UNDEFINED DEFINER=`root`@`localhost` SQL SECURITY DEFINER VIEW `util_test`.`v1` AS select `util_test`.`t1`.`a` AS `a` from `util_test`.`t1`;
# TRIGGER: util_test.trg
DELIMITER ||
CREATE DEFINER=`root`@`localhost` TRIGGER util_test.trg AFTER INSERT ON util_test.t1 FOR EACH ROW INSERT INTO util_test.t2 VALUES('Test objects count');
||
DELIMITER ;
# PROCEDURE: util_test.p1
DELIMITER ||
CREATE DEFINER=`root`@`localhost` PROCEDURE `p1`(p1 CHAR(20))
INSERT INTO util_test.t1 VALUES ("50");
||
DELIMITER ;
# FUNCTION: util_test.f1
DELIMITER ||
CREATE DEFINER=`root`@`localhost` FUNCTION `f1`() RETURNS int(11)
    DETERMINISTIC
RETURN (SELECT 1);
||
DELIMITER ;
# EVENT: util_test.e1
DELIMITER ||
CREATE EVENT `e1` ON SCHEDULE EVERY 1 YEAR STARTS XXXXXXXXXXXXXXXXXXXXXXXXXXXXXXXXXXXX
||
DELIMITER ;
# Grant:
GRANT ALTER ON `util_test`.* TO 'joe'@'user';
# Grant:
GRANT ALTER ROUTINE ON `util_test`.* TO 'joe'@'user';
# Grant:
GRANT CREATE ON `util_test`.* TO 'joe'@'user';
# Grant:
GRANT CREATE ROUTINE ON `util_test`.* TO 'joe'@'user';
# Grant:
GRANT CREATE TEMPORARY TABLES ON `util_test`.* TO 'joe'@'user';
# Grant:
GRANT CREATE VIEW ON `util_test`.* TO 'joe'@'user';
# Grant:
GRANT DELETE ON `util_test`.* TO 'joe'@'user';
# Grant:
GRANT DROP ON `util_test`.* TO 'joe'@'user';
# Grant:
GRANT EVENT ON `util_test`.* TO 'joe'@'user';
# Grant:
GRANT EXECUTE ON `util_test`.* TO 'joe'@'user';
# Grant:
GRANT INDEX ON `util_test`.* TO 'joe'@'user';
# Grant:
GRANT INSERT ON `util_test`.* TO 'joe'@'user';
# Grant:
GRANT LOCK TABLES ON `util_test`.* TO 'joe'@'user';
# Grant:
GRANT REFERENCES ON `util_test`.* TO 'joe'@'user';
# Grant:
GRANT SELECT ON `util_test`.* TO 'joe'@'user';
# Grant:
GRANT SHOW VIEW ON `util_test`.* TO 'joe'@'user';
# Grant:
GRANT TRIGGER ON `util_test`.* TO 'joe'@'user';
# Grant:
GRANT UPDATE ON `util_test`.* TO 'joe'@'user';
#...done.
Test case 14 - csv format
# Source on localhost: ... connected.
# Exporting metadata from util_test
# TABLES in util_test:
TABLE_SCHEMA,TABLE_NAME,ENGINE,ORDINAL_POSITION,COLUMN_NAME,COLUMN_TYPE,IS_NULLABLE,COLUMN_DEFAULT,COLUMN_KEY,TABLE_COLLATION,CREATE_OPTIONS,CONSTRAINT_NAME,REFERENCED_TABLE_NAME,UNIQUE_CONSTRAINT_NAME,UPDATE_RULE,DELETE_RULE,CONSTRAINT_NAME,COL_NAME,REFERENCED_TABLE_SCHEMA,REFERENCED_COLUMN_NAME
`util_test`,`t1`,MEMORY,1,`a`,char(30),YES,,,latin1_swedish_ci,,,,,,,,,,
`util_test`,`t2`,MyISAM,1,`a`,char(30),YES,,,latin1_swedish_ci,,,,,,,,,,
`util_test`,`t3`,InnoDB,1,`a`,int(11),NO,,PRI,latin1_swedish_ci,,,,,,,`PRIMARY`,`a`,,
`util_test`,`t3`,InnoDB,2,`b`,char(30),YES,,,latin1_swedish_ci,,,,,,,`PRIMARY`,`a`,,
`util_test`,`t4`,InnoDB,1,`c`,int(11),NO,,MUL,latin1_swedish_ci,,`ref_t3`,`t3`,`PRIMARY`,RESTRICT,RESTRICT,`ref_t3`,`c`,`util_test`,`a`
`util_test`,`t4`,InnoDB,2,`d`,int(11),NO,,,latin1_swedish_ci,,`ref_t3`,`t3`,`PRIMARY`,RESTRICT,RESTRICT,`ref_t3`,`c`,`util_test`,`a`
# VIEWS in util_test:
TABLE_SCHEMA,TABLE_NAME,DEFINER,SECURITY_TYPE,VIEW_DEFINITION,CHECK_OPTION,IS_UPDATABLE,CHARACTER_SET_CLIENT,COLLATION_CONNECTION
`util_test`,`v1`,root@localhost,DEFINER,select `util_test`.`t1`.`a` AS `a` from `util_test`.`t1`,NONE,YES,latin1,latin1_swedish_ci
# TRIGGERS in util_test:
TRIGGER_NAME,DEFINER,EVENT_MANIPULATION,EVENT_OBJECT_SCHEMA,EVENT_OBJECT_TABLE,ACTION_ORIENTATION,ACTION_TIMING,ACTION_STATEMENT,SQL_MODE,CHARACTER_SET_CLIENT,COLLATION_CONNECTION,DATABASE_COLLATION
`trg`,root@localhost,INSERT,`util_test`,`t1`,ROW,AFTER,INSERT INTO util_test.t2 VALUES('Test objects count'),,latin1,latin1_swedish_ci,latin1_swedish_ci
# PROCEDURES in util_test:
NAME,LANGUAGE,SQL_DATA_ACCESS,IS_DETERMINISTIC,SECURITY_TYPE,DEFINER,PARAM_LIST,RETURNS,BODY,SQL_MODE,CHARACTER_SET_CLIENT,COLLATION_CONNECTION,DB_COLLATION
`p1`,SQL,CONTAINS_SQL,NO,DEFINER,root@localhost,p1 CHAR(20),,"INSERT INTO util_test.t1 VALUES (""50"")",,latin1,latin1_swedish_ci,latin1_swedish_ci
# FUNCTIONS in util_test:
NAME,LANGUAGE,SQL_DATA_ACCESS,IS_DETERMINISTIC,SECURITY_TYPE,DEFINER,PARAM_LIST,RETURNS,BODY,SQL_MODE,CHARACTER_SET_CLIENT,COLLATION_CONNECTION,DB_COLLATION
`f1`,SQL,CONTAINS_SQL,YES,DEFINER,root@localhost,,int(11),RETURN (SELECT 1),,latin1,latin1_swedish_ci,latin1_swedish_ci
# EVENTS in util_test:
NAME,DEFINER,BODY,STATUS,EXECUTE_AT,INTERVAL_VALUE,INTERVAL_FIELD,SQL_MODE,STARTS,ENDS,STATUS,ON_COMPLETION,ORIGINATOR,CHARACTER_SET_CLIENT,COLLATION_CONNECTION,DB_COLLATION
`e1`,root@localhost,"DELETE FROM util_test.t1 WHERE a = ""not there""",DISABLED,XXXX-XX-XX XX:XX:XX,1,YEAR,,XXXX-XX-XX XX:XX:XX,XXXX-XX-XX XX:XX:XX,DISABLED,DROP,XX,latin1,latin1_swedish_ci,latin1_swedish_ci
# GRANTS in util_test:
GRANTEE,PRIVILEGE_TYPE,TABLE_SCHEMA,TABLE_NAME,COLUMN_NAME,ROUTINE_NAME
'joe'@'user',ALTER,util_test,,,
'joe'@'user',ALTER ROUTINE,util_test,,,
'joe'@'user',CREATE,util_test,,,
'joe'@'user',CREATE ROUTINE,util_test,,,
'joe'@'user',CREATE TEMPORARY TABLES,util_test,,,
'joe'@'user',CREATE VIEW,util_test,,,
'joe'@'user',DELETE,util_test,,,
'joe'@'user',DROP,util_test,,,
'joe'@'user',EVENT,util_test,,,
'joe'@'user',EXECUTE,util_test,,,
'joe'@'user',INDEX,util_test,,,
'joe'@'user',INSERT,util_test,,,
'joe'@'user',LOCK TABLES,util_test,,,
'joe'@'user',REFERENCES,util_test,,,
'joe'@'user',SELECT,util_test,,,
'joe'@'user',SHOW VIEW,util_test,,,
'joe'@'user',TRIGGER,util_test,,,
'joe'@'user',UPDATE,util_test,,,
#...done.
Test case 15 - tab format
# Source on localhost: ... connected.
# Exporting metadata from util_test
# TABLES in util_test:
TABLE_SCHEMA	TABLE_NAME	ENGINE	ORDINAL_POSITION	COLUMN_NAME	COLUMN_TYPE	IS_NULLABLE	COLUMN_DEFAULT	COLUMN_KEY	TABLE_COLLATION	CREATE_OPTIONS	CONSTRAINT_NAME	REFERENCED_TABLE_NAME	UNIQUE_CONSTRAINT_NAME	UPDATE_RULE	DELETE_RULE	CONSTRAINT_NAME	COL_NAME	REFERENCED_TABLE_SCHEMA	REFERENCED_COLUMN_NAME
`util_test`	`t1`	MEMORY	1	`a`	char(30)	YES			latin1_swedish_ci										
`util_test`	`t2`	MyISAM	1	`a`	char(30)	YES			latin1_swedish_ci										
`util_test`	`t3`	InnoDB	1	`a`	int(11)	NO		PRI	latin1_swedish_ci							`PRIMARY`	`a`		
`util_test`	`t3`	InnoDB	2	`b`	char(30)	YES			latin1_swedish_ci							`PRIMARY`	`a`		
`util_test`	`t4`	InnoDB	1	`c`	int(11)	NO		MUL	latin1_swedish_ci		`ref_t3`	`t3`	`PRIMARY`	RESTRICT	RESTRICT	`ref_t3`	`c`	`util_test`	`a`
`util_test`	`t4`	InnoDB	2	`d`	int(11)	NO			latin1_swedish_ci		`ref_t3`	`t3`	`PRIMARY`	RESTRICT	RESTRICT	`ref_t3`	`c`	`util_test`	`a`
# VIEWS in util_test:
TABLE_SCHEMA	TABLE_NAME	DEFINER	SECURITY_TYPE	VIEW_DEFINITION	CHECK_OPTION	IS_UPDATABLE	CHARACTER_SET_CLIENT	COLLATION_CONNECTION
`util_test`	`v1`	root@localhost	DEFINER	select `util_test`.`t1`.`a` AS `a` from `util_test`.`t1`	NONE	YES	latin1	latin1_swedish_ci
# TRIGGERS in util_test:
TRIGGER_NAME	DEFINER	EVENT_MANIPULATION	EVENT_OBJECT_SCHEMA	EVENT_OBJECT_TABLE	ACTION_ORIENTATION	ACTION_TIMING	ACTION_STATEMENT	SQL_MODE	CHARACTER_SET_CLIENT	COLLATION_CONNECTION	DATABASE_COLLATION
`trg`	root@localhost	INSERT	`util_test`	`t1`	ROW	AFTER	INSERT INTO util_test.t2 VALUES('Test objects count')		latin1	latin1_swedish_ci	latin1_swedish_ci
# PROCEDURES in util_test:
NAME	LANGUAGE	SQL_DATA_ACCESS	IS_DETERMINISTIC	SECURITY_TYPE	DEFINER	PARAM_LIST	RETURNS	BODY	SQL_MODE	CHARACTER_SET_CLIENT	COLLATION_CONNECTION	DB_COLLATION
`p1`	SQL	CONTAINS_SQL	NO	DEFINER	root@localhost	p1 CHAR(20)		"INSERT INTO util_test.t1 VALUES (""50"")"		latin1	latin1_swedish_ci	latin1_swedish_ci
# FUNCTIONS in util_test:
NAME	LANGUAGE	SQL_DATA_ACCESS	IS_DETERMINISTIC	SECURITY_TYPE	DEFINER	PARAM_LIST	RETURNS	BODY	SQL_MODE	CHARACTER_SET_CLIENT	COLLATION_CONNECTION	DB_COLLATION
`f1`	SQL	CONTAINS_SQL	YES	DEFINER	root@localhost		int(11)	RETURN (SELECT 1)		latin1	latin1_swedish_ci	latin1_swedish_ci
# EVENTS in util_test:
NAME	DEFINER	BODY	STATUS	EXECUTE_AT	INTERVAL_VALUE	INTERVAL_FIELD	SQL_MODE	STARTS	ENDS	STATUS	ON_COMPLETION	ORIGINATOR	CHARACTER_SET_CLIENT	COLLATION_CONNECTION	DB_COLLATION
`e1`	root@localhost	"DELETE FROM util_test.t1 WHERE a = ""not there"""	DISABLED	XXXX-XX-XX XX:XX:XX	1	YEAR		XXXX-XX-XX XX:XX:XX	XXXX-XX-XX XX:XX:XX	DISABLED	DROP	XX	latin1	latin1_swedish_ci	latin1_swedish_ci
# GRANTS in util_test:
GRANTEE	PRIVILEGE_TYPE	TABLE_SCHEMA	TABLE_NAME	COLUMN_NAME	ROUTINE_NAME
'joe'@'user'	ALTER	util_test			
'joe'@'user'	ALTER ROUTINE	util_test			
'joe'@'user'	CREATE	util_test			
'joe'@'user'	CREATE ROUTINE	util_test			
'joe'@'user'	CREATE TEMPORARY TABLES	util_test			
'joe'@'user'	CREATE VIEW	util_test			
'joe'@'user'	DELETE	util_test			
'joe'@'user'	DROP	util_test			
'joe'@'user'	EVENT	util_test			
'joe'@'user'	EXECUTE	util_test			
'joe'@'user'	INDEX	util_test			
'joe'@'user'	INSERT	util_test			
'joe'@'user'	LOCK TABLES	util_test			
'joe'@'user'	REFERENCES	util_test			
'joe'@'user'	SELECT	util_test			
'joe'@'user'	SHOW VIEW	util_test			
'joe'@'user'	TRIGGER	util_test			
'joe'@'user'	UPDATE	util_test			
#...done.
Test case 16 - GRID format
# Source on localhost: ... connected.
# Exporting metadata from util_test
# TABLES in util_test:
+---------------+-------------+---------+-------------------+--------------+--------------+--------------+-----------------+-------------+--------------------+-----------------+------------------+------------------------+-------------------------+--------------+--------------+------------------+-----------+--------------------------+-------------------------+
| TABLE_SCHEMA  | TABLE_NAME  | ENGINE  | ORDINAL_POSITION  | COLUMN_NAME  | COLUMN_TYPE  | IS_NULLABLE  | COLUMN_DEFAULT  | COLUMN_KEY  | TABLE_COLLATION    | CREATE_OPTIONS  | CONSTRAINT_NAME  | REFERENCED_TABLE_NAME  | UNIQUE_CONSTRAINT_NAME  | UPDATE_RULE  | DELETE_RULE  | CONSTRAINT_NAME  | COL_NAME  | REFERENCED_TABLE_SCHEMA  | REFERENCED_COLUMN_NAME  |
+---------------+-------------+---------+-------------------+--------------+--------------+--------------+-----------------+-------------+--------------------+-----------------+------------------+------------------------+-------------------------+--------------+--------------+------------------+-----------+--------------------------+-------------------------+
| util_test     | t1          | MEMORY  | 1                 | a            | char(30)     | YES          | None            |             | latin1_swedish_ci  |                 | None             | None                   | None                    | None         | None         | None             | None      | None                     | None                    |
| util_test     | t2          | MyISAM  | 1                 | a            | char(30)     | YES          | None            |             | latin1_swedish_ci  |                 | None             | None                   | None                    | None         | None         | None             | None      | None                     | None                    |
| util_test     | t3          | InnoDB  | 1                 | a            | int(11)      | NO           | None            | PRI         | latin1_swedish_ci  |                 | None             | None                   | None                    | None         | None         | PRIMARY          | a         | None                     | None                    |
| util_test     | t3          | InnoDB  | 2                 | b            | char(30)     | YES          | None            |             | latin1_swedish_ci  |                 | None             | None                   | None                    | None         | None         | PRIMARY          | a         | None                     | None                    |
| util_test     | t4          | InnoDB  | 1                 | c            | int(11)      | NO           | None            | MUL         | latin1_swedish_ci  |                 | ref_t3           | t3                     | PRIMARY                 | RESTRICT     | RESTRICT     | ref_t3           | c         | util_test                | a                       |
| util_test     | t4          | InnoDB  | 2                 | d            | int(11)      | NO           | None            |             | latin1_swedish_ci  |                 | ref_t3           | t3                     | PRIMARY                 | RESTRICT     | RESTRICT     | ref_t3           | c         | util_test                | a                       |
+---------------+-------------+---------+-------------------+--------------+--------------+--------------+-----------------+-------------+--------------------+-----------------+------------------+------------------------+-------------------------+--------------+--------------+------------------+-----------+--------------------------+-------------------------+
# VIEWS in util_test:
+---------------+-------------+-----------------+----------------+-----------------------------------------------------------+---------------+---------------+-----------------------+-----------------------+
| TABLE_SCHEMA  | TABLE_NAME  | DEFINER         | SECURITY_TYPE  | VIEW_DEFINITION                                           | CHECK_OPTION  | IS_UPDATABLE  | CHARACTER_SET_CLIENT  | COLLATION_CONNECTION  |
+---------------+-------------+-----------------+----------------+-----------------------------------------------------------+---------------+---------------+-----------------------+-----------------------+
| util_test     | v1          | root@localhost  | DEFINER        | select `util_test`.`t1`.`a` AS `a` from `util_test`.`t1`  | NONE          | YES           | latin1                | latin1_swedish_ci     |
+---------------+-------------+-----------------+----------------+-----------------------------------------------------------+---------------+---------------+-----------------------+-----------------------+
# TRIGGERS in util_test:
+---------------+-----------------+---------------------+----------------------+---------------------+---------------------+----------------+--------------------------------------------------------+-----------+-----------------------+-----------------------+---------------------+
| TRIGGER_NAME  | DEFINER         | EVENT_MANIPULATION  | EVENT_OBJECT_SCHEMA  | EVENT_OBJECT_TABLE  | ACTION_ORIENTATION  | ACTION_TIMING  | ACTION_STATEMENT                                       | SQL_MODE  | CHARACTER_SET_CLIENT  | COLLATION_CONNECTION  | DATABASE_COLLATION  |
+---------------+-----------------+---------------------+----------------------+---------------------+---------------------+----------------+--------------------------------------------------------+-----------+-----------------------+-----------------------+---------------------+
| trg           | root@localhost  | INSERT              | util_test            | t1                  | ROW                 | AFTER          | INSERT INTO util_test.t2 VALUES('Test objects count')  |           | latin1                | latin1_swedish_ci     | latin1_swedish_ci   |
+---------------+-----------------+---------------------+----------------------+---------------------+---------------------+----------------+--------------------------------------------------------+-----------+-----------------------+-----------------------+---------------------+
# PROCEDURES in util_test:
+-------+-----------+------------------+-------------------+----------------+-----------------+--------------+----------+-----------------------------------------+-----------+-----------------------+-----------------------+--------------------+
| NAME  | LANGUAGE  | SQL_DATA_ACCESS  | IS_DETERMINISTIC  | SECURITY_TYPE  | DEFINER         | PARAM_LIST   | RETURNS  | BODY                                    | SQL_MODE  | CHARACTER_SET_CLIENT  | COLLATION_CONNECTION  | DB_COLLATION       |
+-------+-----------+------------------+-------------------+----------------+-----------------+--------------+----------+-----------------------------------------+-----------+-----------------------+-----------------------+--------------------+
| p1    | SQL       | CONTAINS_SQL     | NO                | DEFINER        | root@localhost  | p1 CHAR(20)  |          | INSERT INTO util_test.t1 VALUES ("50")  |           | latin1                | latin1_swedish_ci     | latin1_swedish_ci  |
+-------+-----------+------------------+-------------------+----------------+-----------------+--------------+----------+-----------------------------------------+-----------+-----------------------+-----------------------+--------------------+
# FUNCTIONS in util_test:
+-------+-----------+------------------+-------------------+----------------+-----------------+-------------+----------+--------------------+-----------+-----------------------+-----------------------+--------------------+
| NAME  | LANGUAGE  | SQL_DATA_ACCESS  | IS_DETERMINISTIC  | SECURITY_TYPE  | DEFINER         | PARAM_LIST  | RETURNS  | BODY               | SQL_MODE  | CHARACTER_SET_CLIENT  | COLLATION_CONNECTION  | DB_COLLATION       |
+-------+-----------+------------------+-------------------+----------------+-----------------+-------------+----------+--------------------+-----------+-----------------------+-----------------------+--------------------+
| f1    | SQL       | CONTAINS_SQL     | YES               | DEFINER        | root@localhost  |             | int(11)  | RETURN (SELECT 1)  |           | latin1                | latin1_swedish_ci     | latin1_swedish_ci  |
+-------+-----------+------------------+-------------------+----------------+-----------------+-------------+----------+--------------------+-----------+-----------------------+-----------------------+--------------------+
# EVENTS in util_test:
+-------+-----------------+-------------------------------------------------+-----------+-------------+-----------------+-----------------+-----------+----------------------+-------+-----------+----------------+-------------+-----------------------+-----------------------+--------------------+
| NAME  | DEFINER         | BODY                                            | STATUS    | EXECUTE_AT  | INTERVAL_VALUE  | INTERVAL_FIELD  | SQL_MODE  | STARTS               | ENDS  | STATUS    | ON_COMPLETION  | ORIGINATOR  | CHARACTER_SET_CLIENT  | COLLATION_CONNECTION  | DB_COLLATION       |
+-------+-----------------+-------------------------------------------------+-----------+-------------+-----------------+-----------------+-----------+----------------------+-------+-----------+----------------+-------------+-----------------------+-----------------------+--------------------+
| e1    | root@localhost  | DELETE FROM util_test.t1 WHERE a = "not there"  | DISABLED  | None        | 1               | YEAR            |           | XXXX-XX-XX XX:XX:XX  | None  | DISABLED  | DROP           | X           | latin1                | latin1_swedish_ci     | latin1_swedish_ci  |
+-------+-----------------+-------------------------------------------------+-----------+-------------+-----------------+-----------------+-----------+----------------------+-------+-----------+----------------+-------------+-----------------------+-----------------------+--------------------+
# GRANTS in util_test:
+---------------+--------------------------+---------------+-------------+--------------+---------------+
| GRANTEE       | PRIVILEGE_TYPE           | TABLE_SCHEMA  | TABLE_NAME  | COLUMN_NAME  | ROUTINE_NAME  |
+---------------+--------------------------+---------------+-------------+--------------+---------------+
| 'joe'@'user'  | ALTER                    | util_test     | None        | None         | None          |
| 'joe'@'user'  | ALTER ROUTINE            | util_test     | None        | None         | None          |
| 'joe'@'user'  | CREATE                   | util_test     | None        | None         | None          |
| 'joe'@'user'  | CREATE ROUTINE           | util_test     | None        | None         | None          |
| 'joe'@'user'  | CREATE TEMPORARY TABLES  | util_test     | None        | None         | None          |
| 'joe'@'user'  | CREATE VIEW              | util_test     | None        | None         | None          |
| 'joe'@'user'  | DELETE                   | util_test     | None        | None         | None          |
| 'joe'@'user'  | DROP                     | util_test     | None        | None         | None          |
| 'joe'@'user'  | EVENT                    | util_test     | None        | None         | None          |
| 'joe'@'user'  | EXECUTE                  | util_test     | None        | None         | None          |
| 'joe'@'user'  | INDEX                    | util_test     | None        | None         | None          |
| 'joe'@'user'  | INSERT                   | util_test     | None        | None         | None          |
| 'joe'@'user'  | LOCK TABLES              | util_test     | None        | None         | None          |
| 'joe'@'user'  | REFERENCES               | util_test     | None        | None         | None          |
| 'joe'@'user'  | SELECT                   | util_test     | None        | None         | None          |
| 'joe'@'user'  | SHOW VIEW                | util_test     | None        | None         | None          |
| 'joe'@'user'  | TRIGGER                  | util_test     | None        | None         | None          |
| 'joe'@'user'  | UPDATE                   | util_test     | None        | None         | None          |
+---------------+--------------------------+---------------+-------------+--------------+---------------+
#...done.
Test case 17 - VERTICAL format
# Source on localhost: ... connected.
# Exporting metadata from util_test
# TABLES in util_test:
*************************       1. row *************************
            TABLE_SCHEMA: util_test
              TABLE_NAME: t1
                  ENGINE: MEMORY
        ORDINAL_POSITION: 1
             COLUMN_NAME: a
             COLUMN_TYPE: char(30)
             IS_NULLABLE: YES
          COLUMN_DEFAULT: None
              COLUMN_KEY: 
         TABLE_COLLATION: latin1_swedish_ci
          CREATE_OPTIONS: 
         CONSTRAINT_NAME: None
   REFERENCED_TABLE_NAME: None
  UNIQUE_CONSTRAINT_NAME: None
             UPDATE_RULE: None
             DELETE_RULE: None
         CONSTRAINT_NAME: None
                COL_NAME: None
 REFERENCED_TABLE_SCHEMA: None
  REFERENCED_COLUMN_NAME: None
*************************       2. row *************************
            TABLE_SCHEMA: util_test
              TABLE_NAME: t2
                  ENGINE: MyISAM
        ORDINAL_POSITION: 1
             COLUMN_NAME: a
             COLUMN_TYPE: char(30)
             IS_NULLABLE: YES
          COLUMN_DEFAULT: None
              COLUMN_KEY: 
         TABLE_COLLATION: latin1_swedish_ci
          CREATE_OPTIONS: 
         CONSTRAINT_NAME: None
   REFERENCED_TABLE_NAME: None
  UNIQUE_CONSTRAINT_NAME: None
             UPDATE_RULE: None
             DELETE_RULE: None
         CONSTRAINT_NAME: None
                COL_NAME: None
 REFERENCED_TABLE_SCHEMA: None
  REFERENCED_COLUMN_NAME: None
*************************       3. row *************************
            TABLE_SCHEMA: util_test
              TABLE_NAME: t3
                  ENGINE: InnoDB
        ORDINAL_POSITION: 1
             COLUMN_NAME: a
             COLUMN_TYPE: int(11)
             IS_NULLABLE: NO
          COLUMN_DEFAULT: None
              COLUMN_KEY: PRI
         TABLE_COLLATION: latin1_swedish_ci
          CREATE_OPTIONS: 
         CONSTRAINT_NAME: None
   REFERENCED_TABLE_NAME: None
  UNIQUE_CONSTRAINT_NAME: None
             UPDATE_RULE: None
             DELETE_RULE: None
         CONSTRAINT_NAME: PRIMARY
                COL_NAME: a
 REFERENCED_TABLE_SCHEMA: None
  REFERENCED_COLUMN_NAME: None
*************************       4. row *************************
            TABLE_SCHEMA: util_test
              TABLE_NAME: t3
                  ENGINE: InnoDB
        ORDINAL_POSITION: 2
             COLUMN_NAME: b
             COLUMN_TYPE: char(30)
             IS_NULLABLE: YES
          COLUMN_DEFAULT: None
              COLUMN_KEY: 
         TABLE_COLLATION: latin1_swedish_ci
          CREATE_OPTIONS: 
         CONSTRAINT_NAME: None
   REFERENCED_TABLE_NAME: None
  UNIQUE_CONSTRAINT_NAME: None
             UPDATE_RULE: None
             DELETE_RULE: None
         CONSTRAINT_NAME: PRIMARY
                COL_NAME: a
 REFERENCED_TABLE_SCHEMA: None
  REFERENCED_COLUMN_NAME: None
*************************       5. row *************************
            TABLE_SCHEMA: util_test
              TABLE_NAME: t4
                  ENGINE: InnoDB
        ORDINAL_POSITION: 1
             COLUMN_NAME: c
             COLUMN_TYPE: int(11)
             IS_NULLABLE: NO
          COLUMN_DEFAULT: None
              COLUMN_KEY: MUL
         TABLE_COLLATION: latin1_swedish_ci
          CREATE_OPTIONS: 
         CONSTRAINT_NAME: ref_t3
   REFERENCED_TABLE_NAME: t3
  UNIQUE_CONSTRAINT_NAME: PRIMARY
             UPDATE_RULE: RESTRICT
             DELETE_RULE: RESTRICT
         CONSTRAINT_NAME: ref_t3
                COL_NAME: c
 REFERENCED_TABLE_SCHEMA: util_test
  REFERENCED_COLUMN_NAME: a
*************************       6. row *************************
            TABLE_SCHEMA: util_test
              TABLE_NAME: t4
                  ENGINE: InnoDB
        ORDINAL_POSITION: 2
             COLUMN_NAME: d
             COLUMN_TYPE: int(11)
             IS_NULLABLE: NO
          COLUMN_DEFAULT: None
              COLUMN_KEY: 
         TABLE_COLLATION: latin1_swedish_ci
          CREATE_OPTIONS: 
         CONSTRAINT_NAME: ref_t3
   REFERENCED_TABLE_NAME: t3
  UNIQUE_CONSTRAINT_NAME: PRIMARY
             UPDATE_RULE: RESTRICT
             DELETE_RULE: RESTRICT
         CONSTRAINT_NAME: ref_t3
                COL_NAME: c
 REFERENCED_TABLE_SCHEMA: util_test
  REFERENCED_COLUMN_NAME: a
6 rows.
# VIEWS in util_test:
*************************       1. row *************************
         TABLE_SCHEMA: util_test
           TABLE_NAME: v1
              DEFINER: root@localhost
        SECURITY_TYPE: DEFINER
      VIEW_DEFINITION: select `util_test`.`t1`.`a` AS `a` from `util_test`.`t1`
         CHECK_OPTION: NONE
         IS_UPDATABLE: YES
 CHARACTER_SET_CLIENT: latin1
 COLLATION_CONNECTION: latin1_swedish_ci
1 rows.
# TRIGGERS in util_test:
*************************       1. row *************************
         TRIGGER_NAME: trg
              DEFINER: root@localhost
   EVENT_MANIPULATION: INSERT
  EVENT_OBJECT_SCHEMA: util_test
   EVENT_OBJECT_TABLE: t1
   ACTION_ORIENTATION: ROW
        ACTION_TIMING: AFTER
     ACTION_STATEMENT: INSERT INTO util_test.t2 VALUES('Test objects count')
             SQL_MODE: 
 CHARACTER_SET_CLIENT: latin1
 COLLATION_CONNECTION: latin1_swedish_ci
   DATABASE_COLLATION: latin1_swedish_ci
1 rows.
# PROCEDURES in util_test:
*************************       1. row *************************
                 NAME: p1
             LANGUAGE: SQL
      SQL_DATA_ACCESS: CONTAINS_SQL
     IS_DETERMINISTIC: NO
        SECURITY_TYPE: DEFINER
              DEFINER: root@localhost
           PARAM_LIST: p1 CHAR(20)
              RETURNS: 
                 BODY: INSERT INTO util_test.t1 VALUES ("50")
             SQL_MODE: 
 CHARACTER_SET_CLIENT: latin1
 COLLATION_CONNECTION: latin1_swedish_ci
         DB_COLLATION: latin1_swedish_ci
1 rows.
# FUNCTIONS in util_test:
*************************       1. row *************************
                 NAME: f1
             LANGUAGE: SQL
      SQL_DATA_ACCESS: CONTAINS_SQL
     IS_DETERMINISTIC: YES
        SECURITY_TYPE: DEFINER
              DEFINER: root@localhost
           PARAM_LIST: 
              RETURNS: int(11)
                 BODY: RETURN (SELECT 1)
             SQL_MODE: 
 CHARACTER_SET_CLIENT: latin1
 COLLATION_CONNECTION: latin1_swedish_ci
         DB_COLLATION: latin1_swedish_ci
1 rows.
# EVENTS in util_test:
*************************       1. row *************************
                 NAME: e1
              DEFINER: root@localhost
                 BODY: DELETE FROM util_test.t1 WHERE a = "not there"
               STATUS: DISABLED
           EXECUTE_AT: None
       INTERVAL_VALUE: 1
       INTERVAL_FIELD: YEAR
             SQL_MODE: 
               STARTS: XXXX-XX-XX XX:XX:XX
                 ENDS: XXXX-XX-XX XX:XX:XX
               STATUS: DISABLED
        ON_COMPLETION: DROP
           ORIGINATOR: XX
 CHARACTER_SET_CLIENT: latin1
 COLLATION_CONNECTION: latin1_swedish_ci
         DB_COLLATION: latin1_swedish_ci
1 rows.
# GRANTS in util_test:
*************************       1. row *************************
        GRANTEE: 'joe'@'user'
 PRIVILEGE_TYPE: ALTER
   TABLE_SCHEMA: util_test
     TABLE_NAME: None
    COLUMN_NAME: None
   ROUTINE_NAME: None
*************************       2. row *************************
        GRANTEE: 'joe'@'user'
 PRIVILEGE_TYPE: ALTER ROUTINE
   TABLE_SCHEMA: util_test
     TABLE_NAME: None
    COLUMN_NAME: None
   ROUTINE_NAME: None
*************************       3. row *************************
        GRANTEE: 'joe'@'user'
 PRIVILEGE_TYPE: CREATE
   TABLE_SCHEMA: util_test
     TABLE_NAME: None
    COLUMN_NAME: None
   ROUTINE_NAME: None
*************************       4. row *************************
        GRANTEE: 'joe'@'user'
 PRIVILEGE_TYPE: CREATE ROUTINE
   TABLE_SCHEMA: util_test
     TABLE_NAME: None
    COLUMN_NAME: None
   ROUTINE_NAME: None
*************************       5. row *************************
        GRANTEE: 'joe'@'user'
 PRIVILEGE_TYPE: CREATE TEMPORARY TABLES
   TABLE_SCHEMA: util_test
     TABLE_NAME: None
    COLUMN_NAME: None
   ROUTINE_NAME: None
*************************       6. row *************************
        GRANTEE: 'joe'@'user'
 PRIVILEGE_TYPE: CREATE VIEW
   TABLE_SCHEMA: util_test
     TABLE_NAME: None
    COLUMN_NAME: None
   ROUTINE_NAME: None
*************************       7. row *************************
        GRANTEE: 'joe'@'user'
 PRIVILEGE_TYPE: DELETE
   TABLE_SCHEMA: util_test
     TABLE_NAME: None
    COLUMN_NAME: None
   ROUTINE_NAME: None
*************************       8. row *************************
        GRANTEE: 'joe'@'user'
 PRIVILEGE_TYPE: DROP
   TABLE_SCHEMA: util_test
     TABLE_NAME: None
    COLUMN_NAME: None
   ROUTINE_NAME: None
*************************       9. row *************************
        GRANTEE: 'joe'@'user'
 PRIVILEGE_TYPE: EVENT
   TABLE_SCHEMA: util_test
     TABLE_NAME: None
    COLUMN_NAME: None
   ROUTINE_NAME: None
*************************      10. row *************************
        GRANTEE: 'joe'@'user'
 PRIVILEGE_TYPE: EXECUTE
   TABLE_SCHEMA: util_test
     TABLE_NAME: None
    COLUMN_NAME: None
   ROUTINE_NAME: None
*************************      11. row *************************
        GRANTEE: 'joe'@'user'
 PRIVILEGE_TYPE: INDEX
   TABLE_SCHEMA: util_test
     TABLE_NAME: None
    COLUMN_NAME: None
   ROUTINE_NAME: None
*************************      12. row *************************
        GRANTEE: 'joe'@'user'
 PRIVILEGE_TYPE: INSERT
   TABLE_SCHEMA: util_test
     TABLE_NAME: None
    COLUMN_NAME: None
   ROUTINE_NAME: None
*************************      13. row *************************
        GRANTEE: 'joe'@'user'
 PRIVILEGE_TYPE: LOCK TABLES
   TABLE_SCHEMA: util_test
     TABLE_NAME: None
    COLUMN_NAME: None
   ROUTINE_NAME: None
*************************      14. row *************************
        GRANTEE: 'joe'@'user'
 PRIVILEGE_TYPE: REFERENCES
   TABLE_SCHEMA: util_test
     TABLE_NAME: None
    COLUMN_NAME: None
   ROUTINE_NAME: None
*************************      15. row *************************
        GRANTEE: 'joe'@'user'
 PRIVILEGE_TYPE: SELECT
   TABLE_SCHEMA: util_test
     TABLE_NAME: None
    COLUMN_NAME: None
   ROUTINE_NAME: None
*************************      16. row *************************
        GRANTEE: 'joe'@'user'
 PRIVILEGE_TYPE: SHOW VIEW
   TABLE_SCHEMA: util_test
     TABLE_NAME: None
    COLUMN_NAME: None
   ROUTINE_NAME: None
*************************      17. row *************************
        GRANTEE: 'joe'@'user'
 PRIVILEGE_TYPE: TRIGGER
   TABLE_SCHEMA: util_test
     TABLE_NAME: None
    COLUMN_NAME: None
   ROUTINE_NAME: None
*************************      18. row *************************
        GRANTEE: 'joe'@'user'
 PRIVILEGE_TYPE: UPDATE
   TABLE_SCHEMA: util_test
     TABLE_NAME: None
    COLUMN_NAME: None
   ROUTINE_NAME: None
18 rows.
#...done.
Test case 18 - sql format no headers
# Source on localhost: ... connected.
# Exporting metadata from util_test
DROP DATABASE IF EXISTS `util_test`;
CREATE DATABASE `util_test`;
USE `util_test`;
# TABLE: util_test.t1
CREATE TABLE `t1` (
  `a` char(30) DEFAULT NULL
) ENGINE=MEMORY DEFAULT CHARSET=latin1;
# TABLE: util_test.t2
CREATE TABLE `t2` (
  `a` char(30) DEFAULT NULL
) ENGINE=MyISAM DEFAULT CHARSET=latin1;
# TABLE: util_test.t3
CREATE TABLE `t3` (
  `a` int(11) NOT NULL AUTO_INCREMENT,
  `b` char(30) DEFAULT NULL,
  PRIMARY KEY (`a`)
) ENGINE=InnoDB AUTO_INCREMENT=4 DEFAULT CHARSET=latin1;
# TABLE: util_test.t4
CREATE TABLE `t4` (
  `c` int(11) NOT NULL,
  `d` int(11) NOT NULL,
  KEY `ref_t3` (`c`),
  CONSTRAINT `ref_t3` FOREIGN KEY (`c`) REFERENCES `t3` (`a`)
) ENGINE=InnoDB DEFAULT CHARSET=latin1;
# VIEW: util_test.v1
CREATE ALGORITHM=UNDEFINED DEFINER=`root`@`localhost` SQL SECURITY DEFINER VIEW `util_test`.`v1` AS select `util_test`.`t1`.`a` AS `a` from `util_test`.`t1`;
# TRIGGER: util_test.trg
DELIMITER ||
CREATE DEFINER=`root`@`localhost` TRIGGER util_test.trg AFTER INSERT ON util_test.t1 FOR EACH ROW INSERT INTO util_test.t2 VALUES('Test objects count');
||
DELIMITER ;
# PROCEDURE: util_test.p1
DELIMITER ||
CREATE DEFINER=`root`@`localhost` PROCEDURE `p1`(p1 CHAR(20))
INSERT INTO util_test.t1 VALUES ("50");
||
DELIMITER ;
# FUNCTION: util_test.f1
DELIMITER ||
CREATE DEFINER=`root`@`localhost` FUNCTION `f1`() RETURNS int(11)
    DETERMINISTIC
RETURN (SELECT 1);
||
DELIMITER ;
# EVENT: util_test.e1
DELIMITER ||
CREATE EVENT `e1` ON SCHEDULE EVERY 1 YEAR STARTS XXXXXXXXXXXXXXXXXXXXXXXXXXXXXXXXXXXX
||
DELIMITER ;
# Grant:
GRANT ALTER ON `util_test`.* TO 'joe'@'user';
# Grant:
GRANT ALTER ROUTINE ON `util_test`.* TO 'joe'@'user';
# Grant:
GRANT CREATE ON `util_test`.* TO 'joe'@'user';
# Grant:
GRANT CREATE ROUTINE ON `util_test`.* TO 'joe'@'user';
# Grant:
GRANT CREATE TEMPORARY TABLES ON `util_test`.* TO 'joe'@'user';
# Grant:
GRANT CREATE VIEW ON `util_test`.* TO 'joe'@'user';
# Grant:
GRANT DELETE ON `util_test`.* TO 'joe'@'user';
# Grant:
GRANT DROP ON `util_test`.* TO 'joe'@'user';
# Grant:
GRANT EVENT ON `util_test`.* TO 'joe'@'user';
# Grant:
GRANT EXECUTE ON `util_test`.* TO 'joe'@'user';
# Grant:
GRANT INDEX ON `util_test`.* TO 'joe'@'user';
# Grant:
GRANT INSERT ON `util_test`.* TO 'joe'@'user';
# Grant:
GRANT LOCK TABLES ON `util_test`.* TO 'joe'@'user';
# Grant:
GRANT REFERENCES ON `util_test`.* TO 'joe'@'user';
# Grant:
GRANT SELECT ON `util_test`.* TO 'joe'@'user';
# Grant:
GRANT SHOW VIEW ON `util_test`.* TO 'joe'@'user';
# Grant:
GRANT TRIGGER ON `util_test`.* TO 'joe'@'user';
# Grant:
GRANT UPDATE ON `util_test`.* TO 'joe'@'user';
#...done.
Test case 19 - csv format no headers
# Source on localhost: ... connected.
# Exporting metadata from util_test
# TABLES in util_test:
`util_test`,`t1`,MEMORY,1,`a`,char(30),YES,,,latin1_swedish_ci,,,,,,,,,,
`util_test`,`t2`,MyISAM,1,`a`,char(30),YES,,,latin1_swedish_ci,,,,,,,,,,
`util_test`,`t3`,InnoDB,1,`a`,int(11),NO,,PRI,latin1_swedish_ci,,,,,,,`PRIMARY`,`a`,,
`util_test`,`t3`,InnoDB,2,`b`,char(30),YES,,,latin1_swedish_ci,,,,,,,`PRIMARY`,`a`,,
`util_test`,`t4`,InnoDB,1,`c`,int(11),NO,,MUL,latin1_swedish_ci,,`ref_t3`,`t3`,`PRIMARY`,RESTRICT,RESTRICT,`ref_t3`,`c`,`util_test`,`a`
`util_test`,`t4`,InnoDB,2,`d`,int(11),NO,,,latin1_swedish_ci,,`ref_t3`,`t3`,`PRIMARY`,RESTRICT,RESTRICT,`ref_t3`,`c`,`util_test`,`a`
# VIEWS in util_test:
`util_test`,`v1`,root@localhost,DEFINER,select `util_test`.`t1`.`a` AS `a` from `util_test`.`t1`,NONE,YES,latin1,latin1_swedish_ci
# TRIGGERS in util_test:
`trg`,root@localhost,INSERT,`util_test`,`t1`,ROW,AFTER,INSERT INTO util_test.t2 VALUES('Test objects count'),,latin1,latin1_swedish_ci,latin1_swedish_ci
# PROCEDURES in util_test:
`p1`,SQL,CONTAINS_SQL,NO,DEFINER,root@localhost,p1 CHAR(20),,"INSERT INTO util_test.t1 VALUES (""50"")",,latin1,latin1_swedish_ci,latin1_swedish_ci
# FUNCTIONS in util_test:
`f1`,SQL,CONTAINS_SQL,YES,DEFINER,root@localhost,,int(11),RETURN (SELECT 1),,latin1,latin1_swedish_ci,latin1_swedish_ci
# EVENTS in util_test:
`e1`,root@localhost,"DELETE FROM util_test.t1 WHERE a = ""not there""",DISABLED,XXXX-XX-XX XX:XX:XX,1,YEAR,,XXXX-XX-XX XX:XX:XX,XXXX-XX-XX XX:XX:XX,DISABLED,DROP,XX,latin1,latin1_swedish_ci,latin1_swedish_ci
# GRANTS in util_test:
'joe'@'user',ALTER,util_test,,,
'joe'@'user',ALTER ROUTINE,util_test,,,
'joe'@'user',CREATE,util_test,,,
'joe'@'user',CREATE ROUTINE,util_test,,,
'joe'@'user',CREATE TEMPORARY TABLES,util_test,,,
'joe'@'user',CREATE VIEW,util_test,,,
'joe'@'user',DELETE,util_test,,,
'joe'@'user',DROP,util_test,,,
'joe'@'user',EVENT,util_test,,,
'joe'@'user',EXECUTE,util_test,,,
'joe'@'user',INDEX,util_test,,,
'joe'@'user',INSERT,util_test,,,
'joe'@'user',LOCK TABLES,util_test,,,
'joe'@'user',REFERENCES,util_test,,,
'joe'@'user',SELECT,util_test,,,
'joe'@'user',SHOW VIEW,util_test,,,
'joe'@'user',TRIGGER,util_test,,,
'joe'@'user',UPDATE,util_test,,,
#...done.
Test case 20 - tab format no headers
# Source on localhost: ... connected.
# Exporting metadata from util_test
# TABLES in util_test:
`util_test`	`t1`	MEMORY	1	`a`	char(30)	YES			latin1_swedish_ci										
`util_test`	`t2`	MyISAM	1	`a`	char(30)	YES			latin1_swedish_ci										
`util_test`	`t3`	InnoDB	1	`a`	int(11)	NO		PRI	latin1_swedish_ci							`PRIMARY`	`a`		
`util_test`	`t3`	InnoDB	2	`b`	char(30)	YES			latin1_swedish_ci							`PRIMARY`	`a`		
`util_test`	`t4`	InnoDB	1	`c`	int(11)	NO		MUL	latin1_swedish_ci		`ref_t3`	`t3`	`PRIMARY`	RESTRICT	RESTRICT	`ref_t3`	`c`	`util_test`	`a`
`util_test`	`t4`	InnoDB	2	`d`	int(11)	NO			latin1_swedish_ci		`ref_t3`	`t3`	`PRIMARY`	RESTRICT	RESTRICT	`ref_t3`	`c`	`util_test`	`a`
# VIEWS in util_test:
`util_test`	`v1`	root@localhost	DEFINER	select `util_test`.`t1`.`a` AS `a` from `util_test`.`t1`	NONE	YES	latin1	latin1_swedish_ci
# TRIGGERS in util_test:
`trg`	root@localhost	INSERT	`util_test`	`t1`	ROW	AFTER	INSERT INTO util_test.t2 VALUES('Test objects count')		latin1	latin1_swedish_ci	latin1_swedish_ci
# PROCEDURES in util_test:
`p1`	SQL	CONTAINS_SQL	NO	DEFINER	root@localhost	p1 CHAR(20)		"INSERT INTO util_test.t1 VALUES (""50"")"		latin1	latin1_swedish_ci	latin1_swedish_ci
# FUNCTIONS in util_test:
`f1`	SQL	CONTAINS_SQL	YES	DEFINER	root@localhost		int(11)	RETURN (SELECT 1)		latin1	latin1_swedish_ci	latin1_swedish_ci
# EVENTS in util_test:
`e1`	root@localhost	"DELETE FROM util_test.t1 WHERE a = ""not there"""	DISABLED	XXXX-XX-XX XX:XX:XX	1	YEAR		XXXX-XX-XX XX:XX:XX	XXXX-XX-XX XX:XX:XX	DISABLED	DROP	XX	latin1	latin1_swedish_ci	latin1_swedish_ci
# GRANTS in util_test:
'joe'@'user'	ALTER	util_test			
'joe'@'user'	ALTER ROUTINE	util_test			
'joe'@'user'	CREATE	util_test			
'joe'@'user'	CREATE ROUTINE	util_test			
'joe'@'user'	CREATE TEMPORARY TABLES	util_test			
'joe'@'user'	CREATE VIEW	util_test			
'joe'@'user'	DELETE	util_test			
'joe'@'user'	DROP	util_test			
'joe'@'user'	EVENT	util_test			
'joe'@'user'	EXECUTE	util_test			
'joe'@'user'	INDEX	util_test			
'joe'@'user'	INSERT	util_test			
'joe'@'user'	LOCK TABLES	util_test			
'joe'@'user'	REFERENCES	util_test			
'joe'@'user'	SELECT	util_test			
'joe'@'user'	SHOW VIEW	util_test			
'joe'@'user'	TRIGGER	util_test			
'joe'@'user'	UPDATE	util_test			
#...done.
Test case 21 - GRID format no headers
# Source on localhost: ... connected.
# Exporting metadata from util_test
# TABLES in util_test:
+---------------+-------------+---------+-------------------+--------------+--------------+--------------+-----------------+-------------+--------------------+-----------------+------------------+------------------------+-------------------------+--------------+--------------+------------------+-----------+--------------------------+-------------------------+
| TABLE_SCHEMA  | TABLE_NAME  | ENGINE  | ORDINAL_POSITION  | COLUMN_NAME  | COLUMN_TYPE  | IS_NULLABLE  | COLUMN_DEFAULT  | COLUMN_KEY  | TABLE_COLLATION    | CREATE_OPTIONS  | CONSTRAINT_NAME  | REFERENCED_TABLE_NAME  | UNIQUE_CONSTRAINT_NAME  | UPDATE_RULE  | DELETE_RULE  | CONSTRAINT_NAME  | COL_NAME  | REFERENCED_TABLE_SCHEMA  | REFERENCED_COLUMN_NAME  |
+---------------+-------------+---------+-------------------+--------------+--------------+--------------+-----------------+-------------+--------------------+-----------------+------------------+------------------------+-------------------------+--------------+--------------+------------------+-----------+--------------------------+-------------------------+
| util_test     | t1          | MEMORY  | 1                 | a            | char(30)     | YES          | None            |             | latin1_swedish_ci  |                 | None             | None                   | None                    | None         | None         | None             | None      | None                     | None                    |
| util_test     | t2          | MyISAM  | 1                 | a            | char(30)     | YES          | None            |             | latin1_swedish_ci  |                 | None             | None                   | None                    | None         | None         | None             | None      | None                     | None                    |
| util_test     | t3          | InnoDB  | 1                 | a            | int(11)      | NO           | None            | PRI         | latin1_swedish_ci  |                 | None             | None                   | None                    | None         | None         | PRIMARY          | a         | None                     | None                    |
| util_test     | t3          | InnoDB  | 2                 | b            | char(30)     | YES          | None            |             | latin1_swedish_ci  |                 | None             | None                   | None                    | None         | None         | PRIMARY          | a         | None                     | None                    |
| util_test     | t4          | InnoDB  | 1                 | c            | int(11)      | NO           | None            | MUL         | latin1_swedish_ci  |                 | ref_t3           | t3                     | PRIMARY                 | RESTRICT     | RESTRICT     | ref_t3           | c         | util_test                | a                       |
| util_test     | t4          | InnoDB  | 2                 | d            | int(11)      | NO           | None            |             | latin1_swedish_ci  |                 | ref_t3           | t3                     | PRIMARY                 | RESTRICT     | RESTRICT     | ref_t3           | c         | util_test                | a                       |
+---------------+-------------+---------+-------------------+--------------+--------------+--------------+-----------------+-------------+--------------------+-----------------+------------------+------------------------+-------------------------+--------------+--------------+------------------+-----------+--------------------------+-------------------------+
# VIEWS in util_test:
+---------------+-------------+-----------------+----------------+-----------------------------------------------------------+---------------+---------------+-----------------------+-----------------------+
| TABLE_SCHEMA  | TABLE_NAME  | DEFINER         | SECURITY_TYPE  | VIEW_DEFINITION                                           | CHECK_OPTION  | IS_UPDATABLE  | CHARACTER_SET_CLIENT  | COLLATION_CONNECTION  |
+---------------+-------------+-----------------+----------------+-----------------------------------------------------------+---------------+---------------+-----------------------+-----------------------+
| util_test     | v1          | root@localhost  | DEFINER        | select `util_test`.`t1`.`a` AS `a` from `util_test`.`t1`  | NONE          | YES           | latin1                | latin1_swedish_ci     |
+---------------+-------------+-----------------+----------------+-----------------------------------------------------------+---------------+---------------+-----------------------+-----------------------+
# TRIGGERS in util_test:
+---------------+-----------------+---------------------+----------------------+---------------------+---------------------+----------------+--------------------------------------------------------+-----------+-----------------------+-----------------------+---------------------+
| TRIGGER_NAME  | DEFINER         | EVENT_MANIPULATION  | EVENT_OBJECT_SCHEMA  | EVENT_OBJECT_TABLE  | ACTION_ORIENTATION  | ACTION_TIMING  | ACTION_STATEMENT                                       | SQL_MODE  | CHARACTER_SET_CLIENT  | COLLATION_CONNECTION  | DATABASE_COLLATION  |
+---------------+-----------------+---------------------+----------------------+---------------------+---------------------+----------------+--------------------------------------------------------+-----------+-----------------------+-----------------------+---------------------+
| trg           | root@localhost  | INSERT              | util_test            | t1                  | ROW                 | AFTER          | INSERT INTO util_test.t2 VALUES('Test objects count')  |           | latin1                | latin1_swedish_ci     | latin1_swedish_ci   |
+---------------+-----------------+---------------------+----------------------+---------------------+---------------------+----------------+--------------------------------------------------------+-----------+-----------------------+-----------------------+---------------------+
# PROCEDURES in util_test:
+-------+-----------+------------------+-------------------+----------------+-----------------+--------------+----------+-----------------------------------------+-----------+-----------------------+-----------------------+--------------------+
| NAME  | LANGUAGE  | SQL_DATA_ACCESS  | IS_DETERMINISTIC  | SECURITY_TYPE  | DEFINER         | PARAM_LIST   | RETURNS  | BODY                                    | SQL_MODE  | CHARACTER_SET_CLIENT  | COLLATION_CONNECTION  | DB_COLLATION       |
+-------+-----------+------------------+-------------------+----------------+-----------------+--------------+----------+-----------------------------------------+-----------+-----------------------+-----------------------+--------------------+
| p1    | SQL       | CONTAINS_SQL     | NO                | DEFINER        | root@localhost  | p1 CHAR(20)  |          | INSERT INTO util_test.t1 VALUES ("50")  |           | latin1                | latin1_swedish_ci     | latin1_swedish_ci  |
+-------+-----------+------------------+-------------------+----------------+-----------------+--------------+----------+-----------------------------------------+-----------+-----------------------+-----------------------+--------------------+
# FUNCTIONS in util_test:
+-------+-----------+------------------+-------------------+----------------+-----------------+-------------+----------+--------------------+-----------+-----------------------+-----------------------+--------------------+
| NAME  | LANGUAGE  | SQL_DATA_ACCESS  | IS_DETERMINISTIC  | SECURITY_TYPE  | DEFINER         | PARAM_LIST  | RETURNS  | BODY               | SQL_MODE  | CHARACTER_SET_CLIENT  | COLLATION_CONNECTION  | DB_COLLATION       |
+-------+-----------+------------------+-------------------+----------------+-----------------+-------------+----------+--------------------+-----------+-----------------------+-----------------------+--------------------+
| f1    | SQL       | CONTAINS_SQL     | YES               | DEFINER        | root@localhost  |             | int(11)  | RETURN (SELECT 1)  |           | latin1                | latin1_swedish_ci     | latin1_swedish_ci  |
+-------+-----------+------------------+-------------------+----------------+-----------------+-------------+----------+--------------------+-----------+-----------------------+-----------------------+--------------------+
# EVENTS in util_test:
+-------+-----------------+-------------------------------------------------+-----------+-------------+-----------------+-----------------+-----------+----------------------+-------+-----------+----------------+-------------+-----------------------+-----------------------+--------------------+
| NAME  | DEFINER         | BODY                                            | STATUS    | EXECUTE_AT  | INTERVAL_VALUE  | INTERVAL_FIELD  | SQL_MODE  | STARTS               | ENDS  | STATUS    | ON_COMPLETION  | ORIGINATOR  | CHARACTER_SET_CLIENT  | COLLATION_CONNECTION  | DB_COLLATION       |
+-------+-----------------+-------------------------------------------------+-----------+-------------+-----------------+-----------------+-----------+----------------------+-------+-----------+----------------+-------------+-----------------------+-----------------------+--------------------+
| e1    | root@localhost  | DELETE FROM util_test.t1 WHERE a = "not there"  | DISABLED  | None        | 1               | YEAR            |           | XXXX-XX-XX XX:XX:XX  | None  | DISABLED  | DROP           | X           | latin1                | latin1_swedish_ci     | latin1_swedish_ci  |
+-------+-----------------+-------------------------------------------------+-----------+-------------+-----------------+-----------------+-----------+----------------------+-------+-----------+----------------+-------------+-----------------------+-----------------------+--------------------+
# GRANTS in util_test:
+---------------+--------------------------+---------------+-------------+--------------+---------------+
| GRANTEE       | PRIVILEGE_TYPE           | TABLE_SCHEMA  | TABLE_NAME  | COLUMN_NAME  | ROUTINE_NAME  |
+---------------+--------------------------+---------------+-------------+--------------+---------------+
| 'joe'@'user'  | ALTER                    | util_test     | None        | None         | None          |
| 'joe'@'user'  | ALTER ROUTINE            | util_test     | None        | None         | None          |
| 'joe'@'user'  | CREATE                   | util_test     | None        | None         | None          |
| 'joe'@'user'  | CREATE ROUTINE           | util_test     | None        | None         | None          |
| 'joe'@'user'  | CREATE TEMPORARY TABLES  | util_test     | None        | None         | None          |
| 'joe'@'user'  | CREATE VIEW              | util_test     | None        | None         | None          |
| 'joe'@'user'  | DELETE                   | util_test     | None        | None         | None          |
| 'joe'@'user'  | DROP                     | util_test     | None        | None         | None          |
| 'joe'@'user'  | EVENT                    | util_test     | None        | None         | None          |
| 'joe'@'user'  | EXECUTE                  | util_test     | None        | None         | None          |
| 'joe'@'user'  | INDEX                    | util_test     | None        | None         | None          |
| 'joe'@'user'  | INSERT                   | util_test     | None        | None         | None          |
| 'joe'@'user'  | LOCK TABLES              | util_test     | None        | None         | None          |
| 'joe'@'user'  | REFERENCES               | util_test     | None        | None         | None          |
| 'joe'@'user'  | SELECT                   | util_test     | None        | None         | None          |
| 'joe'@'user'  | SHOW VIEW                | util_test     | None        | None         | None          |
| 'joe'@'user'  | TRIGGER                  | util_test     | None        | None         | None          |
| 'joe'@'user'  | UPDATE                   | util_test     | None        | None         | None          |
+---------------+--------------------------+---------------+-------------+--------------+---------------+
#...done.
Test case 22 - VERTICAL format no headers
# Source on localhost: ... connected.
# Exporting metadata from util_test
# TABLES in util_test:
*************************       1. row *************************
            TABLE_SCHEMA: util_test
              TABLE_NAME: t1
                  ENGINE: MEMORY
        ORDINAL_POSITION: 1
             COLUMN_NAME: a
             COLUMN_TYPE: char(30)
             IS_NULLABLE: YES
          COLUMN_DEFAULT: None
              COLUMN_KEY: 
         TABLE_COLLATION: latin1_swedish_ci
          CREATE_OPTIONS: 
         CONSTRAINT_NAME: None
   REFERENCED_TABLE_NAME: None
  UNIQUE_CONSTRAINT_NAME: None
             UPDATE_RULE: None
             DELETE_RULE: None
         CONSTRAINT_NAME: None
                COL_NAME: None
 REFERENCED_TABLE_SCHEMA: None
  REFERENCED_COLUMN_NAME: None
*************************       2. row *************************
            TABLE_SCHEMA: util_test
              TABLE_NAME: t2
                  ENGINE: MyISAM
        ORDINAL_POSITION: 1
             COLUMN_NAME: a
             COLUMN_TYPE: char(30)
             IS_NULLABLE: YES
          COLUMN_DEFAULT: None
              COLUMN_KEY: 
         TABLE_COLLATION: latin1_swedish_ci
          CREATE_OPTIONS: 
         CONSTRAINT_NAME: None
   REFERENCED_TABLE_NAME: None
  UNIQUE_CONSTRAINT_NAME: None
             UPDATE_RULE: None
             DELETE_RULE: None
         CONSTRAINT_NAME: None
                COL_NAME: None
 REFERENCED_TABLE_SCHEMA: None
  REFERENCED_COLUMN_NAME: None
*************************       3. row *************************
            TABLE_SCHEMA: util_test
              TABLE_NAME: t3
                  ENGINE: InnoDB
        ORDINAL_POSITION: 1
             COLUMN_NAME: a
             COLUMN_TYPE: int(11)
             IS_NULLABLE: NO
          COLUMN_DEFAULT: None
              COLUMN_KEY: PRI
         TABLE_COLLATION: latin1_swedish_ci
          CREATE_OPTIONS: 
         CONSTRAINT_NAME: None
   REFERENCED_TABLE_NAME: None
  UNIQUE_CONSTRAINT_NAME: None
             UPDATE_RULE: None
             DELETE_RULE: None
         CONSTRAINT_NAME: PRIMARY
                COL_NAME: a
 REFERENCED_TABLE_SCHEMA: None
  REFERENCED_COLUMN_NAME: None
*************************       4. row *************************
            TABLE_SCHEMA: util_test
              TABLE_NAME: t3
                  ENGINE: InnoDB
        ORDINAL_POSITION: 2
             COLUMN_NAME: b
             COLUMN_TYPE: char(30)
             IS_NULLABLE: YES
          COLUMN_DEFAULT: None
              COLUMN_KEY: 
         TABLE_COLLATION: latin1_swedish_ci
          CREATE_OPTIONS: 
         CONSTRAINT_NAME: None
   REFERENCED_TABLE_NAME: None
  UNIQUE_CONSTRAINT_NAME: None
             UPDATE_RULE: None
             DELETE_RULE: None
         CONSTRAINT_NAME: PRIMARY
                COL_NAME: a
 REFERENCED_TABLE_SCHEMA: None
  REFERENCED_COLUMN_NAME: None
*************************       5. row *************************
            TABLE_SCHEMA: util_test
              TABLE_NAME: t4
                  ENGINE: InnoDB
        ORDINAL_POSITION: 1
             COLUMN_NAME: c
             COLUMN_TYPE: int(11)
             IS_NULLABLE: NO
          COLUMN_DEFAULT: None
              COLUMN_KEY: MUL
         TABLE_COLLATION: latin1_swedish_ci
          CREATE_OPTIONS: 
         CONSTRAINT_NAME: ref_t3
   REFERENCED_TABLE_NAME: t3
  UNIQUE_CONSTRAINT_NAME: PRIMARY
             UPDATE_RULE: RESTRICT
             DELETE_RULE: RESTRICT
         CONSTRAINT_NAME: ref_t3
                COL_NAME: c
 REFERENCED_TABLE_SCHEMA: util_test
  REFERENCED_COLUMN_NAME: a
*************************       6. row *************************
            TABLE_SCHEMA: util_test
              TABLE_NAME: t4
                  ENGINE: InnoDB
        ORDINAL_POSITION: 2
             COLUMN_NAME: d
             COLUMN_TYPE: int(11)
             IS_NULLABLE: NO
          COLUMN_DEFAULT: None
              COLUMN_KEY: 
         TABLE_COLLATION: latin1_swedish_ci
          CREATE_OPTIONS: 
         CONSTRAINT_NAME: ref_t3
   REFERENCED_TABLE_NAME: t3
  UNIQUE_CONSTRAINT_NAME: PRIMARY
             UPDATE_RULE: RESTRICT
             DELETE_RULE: RESTRICT
         CONSTRAINT_NAME: ref_t3
                COL_NAME: c
 REFERENCED_TABLE_SCHEMA: util_test
  REFERENCED_COLUMN_NAME: a
6 rows.
# VIEWS in util_test:
*************************       1. row *************************
         TABLE_SCHEMA: util_test
           TABLE_NAME: v1
              DEFINER: root@localhost
        SECURITY_TYPE: DEFINER
      VIEW_DEFINITION: select `util_test`.`t1`.`a` AS `a` from `util_test`.`t1`
         CHECK_OPTION: NONE
         IS_UPDATABLE: YES
 CHARACTER_SET_CLIENT: latin1
 COLLATION_CONNECTION: latin1_swedish_ci
1 rows.
# TRIGGERS in util_test:
*************************       1. row *************************
         TRIGGER_NAME: trg
              DEFINER: root@localhost
   EVENT_MANIPULATION: INSERT
  EVENT_OBJECT_SCHEMA: util_test
   EVENT_OBJECT_TABLE: t1
   ACTION_ORIENTATION: ROW
        ACTION_TIMING: AFTER
     ACTION_STATEMENT: INSERT INTO util_test.t2 VALUES('Test objects count')
             SQL_MODE: 
 CHARACTER_SET_CLIENT: latin1
 COLLATION_CONNECTION: latin1_swedish_ci
   DATABASE_COLLATION: latin1_swedish_ci
1 rows.
# PROCEDURES in util_test:
*************************       1. row *************************
                 NAME: p1
             LANGUAGE: SQL
      SQL_DATA_ACCESS: CONTAINS_SQL
     IS_DETERMINISTIC: NO
        SECURITY_TYPE: DEFINER
              DEFINER: root@localhost
           PARAM_LIST: p1 CHAR(20)
              RETURNS: 
                 BODY: INSERT INTO util_test.t1 VALUES ("50")
             SQL_MODE: 
 CHARACTER_SET_CLIENT: latin1
 COLLATION_CONNECTION: latin1_swedish_ci
         DB_COLLATION: latin1_swedish_ci
1 rows.
# FUNCTIONS in util_test:
*************************       1. row *************************
                 NAME: f1
             LANGUAGE: SQL
      SQL_DATA_ACCESS: CONTAINS_SQL
     IS_DETERMINISTIC: YES
        SECURITY_TYPE: DEFINER
              DEFINER: root@localhost
           PARAM_LIST: 
              RETURNS: int(11)
                 BODY: RETURN (SELECT 1)
             SQL_MODE: 
 CHARACTER_SET_CLIENT: latin1
 COLLATION_CONNECTION: latin1_swedish_ci
         DB_COLLATION: latin1_swedish_ci
1 rows.
# EVENTS in util_test:
*************************       1. row *************************
                 NAME: e1
              DEFINER: root@localhost
                 BODY: DELETE FROM util_test.t1 WHERE a = "not there"
               STATUS: DISABLED
           EXECUTE_AT: None
       INTERVAL_VALUE: 1
       INTERVAL_FIELD: YEAR
             SQL_MODE: 
               STARTS: XXXX-XX-XX XX:XX:XX
                 ENDS: XXXX-XX-XX XX:XX:XX
               STATUS: DISABLED
        ON_COMPLETION: DROP
           ORIGINATOR: XX
 CHARACTER_SET_CLIENT: latin1
 COLLATION_CONNECTION: latin1_swedish_ci
         DB_COLLATION: latin1_swedish_ci
1 rows.
# GRANTS in util_test:
*************************       1. row *************************
        GRANTEE: 'joe'@'user'
 PRIVILEGE_TYPE: ALTER
   TABLE_SCHEMA: util_test
     TABLE_NAME: None
    COLUMN_NAME: None
   ROUTINE_NAME: None
*************************       2. row *************************
        GRANTEE: 'joe'@'user'
 PRIVILEGE_TYPE: ALTER ROUTINE
   TABLE_SCHEMA: util_test
     TABLE_NAME: None
    COLUMN_NAME: None
   ROUTINE_NAME: None
*************************       3. row *************************
        GRANTEE: 'joe'@'user'
 PRIVILEGE_TYPE: CREATE
   TABLE_SCHEMA: util_test
     TABLE_NAME: None
    COLUMN_NAME: None
   ROUTINE_NAME: None
*************************       4. row *************************
        GRANTEE: 'joe'@'user'
 PRIVILEGE_TYPE: CREATE ROUTINE
   TABLE_SCHEMA: util_test
     TABLE_NAME: None
    COLUMN_NAME: None
   ROUTINE_NAME: None
*************************       5. row *************************
        GRANTEE: 'joe'@'user'
 PRIVILEGE_TYPE: CREATE TEMPORARY TABLES
   TABLE_SCHEMA: util_test
     TABLE_NAME: None
    COLUMN_NAME: None
   ROUTINE_NAME: None
*************************       6. row *************************
        GRANTEE: 'joe'@'user'
 PRIVILEGE_TYPE: CREATE VIEW
   TABLE_SCHEMA: util_test
     TABLE_NAME: None
    COLUMN_NAME: None
   ROUTINE_NAME: None
*************************       7. row *************************
        GRANTEE: 'joe'@'user'
 PRIVILEGE_TYPE: DELETE
   TABLE_SCHEMA: util_test
     TABLE_NAME: None
    COLUMN_NAME: None
   ROUTINE_NAME: None
*************************       8. row *************************
        GRANTEE: 'joe'@'user'
 PRIVILEGE_TYPE: DROP
   TABLE_SCHEMA: util_test
     TABLE_NAME: None
    COLUMN_NAME: None
   ROUTINE_NAME: None
*************************       9. row *************************
        GRANTEE: 'joe'@'user'
 PRIVILEGE_TYPE: EVENT
   TABLE_SCHEMA: util_test
     TABLE_NAME: None
    COLUMN_NAME: None
   ROUTINE_NAME: None
*************************      10. row *************************
        GRANTEE: 'joe'@'user'
 PRIVILEGE_TYPE: EXECUTE
   TABLE_SCHEMA: util_test
     TABLE_NAME: None
    COLUMN_NAME: None
   ROUTINE_NAME: None
*************************      11. row *************************
        GRANTEE: 'joe'@'user'
 PRIVILEGE_TYPE: INDEX
   TABLE_SCHEMA: util_test
     TABLE_NAME: None
    COLUMN_NAME: None
   ROUTINE_NAME: None
*************************      12. row *************************
        GRANTEE: 'joe'@'user'
 PRIVILEGE_TYPE: INSERT
   TABLE_SCHEMA: util_test
     TABLE_NAME: None
    COLUMN_NAME: None
   ROUTINE_NAME: None
*************************      13. row *************************
        GRANTEE: 'joe'@'user'
 PRIVILEGE_TYPE: LOCK TABLES
   TABLE_SCHEMA: util_test
     TABLE_NAME: None
    COLUMN_NAME: None
   ROUTINE_NAME: None
*************************      14. row *************************
        GRANTEE: 'joe'@'user'
 PRIVILEGE_TYPE: REFERENCES
   TABLE_SCHEMA: util_test
     TABLE_NAME: None
    COLUMN_NAME: None
   ROUTINE_NAME: None
*************************      15. row *************************
        GRANTEE: 'joe'@'user'
 PRIVILEGE_TYPE: SELECT
   TABLE_SCHEMA: util_test
     TABLE_NAME: None
    COLUMN_NAME: None
   ROUTINE_NAME: None
*************************      16. row *************************
        GRANTEE: 'joe'@'user'
 PRIVILEGE_TYPE: SHOW VIEW
   TABLE_SCHEMA: util_test
     TABLE_NAME: None
    COLUMN_NAME: None
   ROUTINE_NAME: None
*************************      17. row *************************
        GRANTEE: 'joe'@'user'
 PRIVILEGE_TYPE: TRIGGER
   TABLE_SCHEMA: util_test
     TABLE_NAME: None
    COLUMN_NAME: None
   ROUTINE_NAME: None
*************************      18. row *************************
        GRANTEE: 'joe'@'user'
 PRIVILEGE_TYPE: UPDATE
   TABLE_SCHEMA: util_test
     TABLE_NAME: None
    COLUMN_NAME: None
   ROUTINE_NAME: None
18 rows.
#...done.
Test case 23 - SQ format
# Source on localhost: ... connected.
# Exporting metadata from util_test
DROP DATABASE IF EXISTS `util_test`;
CREATE DATABASE `util_test`;
USE `util_test`;
# TABLE: util_test.t1
CREATE TABLE `t1` (
  `a` char(30) DEFAULT NULL
) ENGINE=MEMORY DEFAULT CHARSET=latin1;
# TABLE: util_test.t2
CREATE TABLE `t2` (
  `a` char(30) DEFAULT NULL
) ENGINE=MyISAM DEFAULT CHARSET=latin1;
# TABLE: util_test.t3
CREATE TABLE `t3` (
  `a` int(11) NOT NULL AUTO_INCREMENT,
  `b` char(30) DEFAULT NULL,
  PRIMARY KEY (`a`)
) ENGINE=InnoDB AUTO_INCREMENT=4 DEFAULT CHARSET=latin1;
# TABLE: util_test.t4
CREATE TABLE `t4` (
  `c` int(11) NOT NULL,
  `d` int(11) NOT NULL,
  KEY `ref_t3` (`c`),
  CONSTRAINT `ref_t3` FOREIGN KEY (`c`) REFERENCES `t3` (`a`)
) ENGINE=InnoDB DEFAULT CHARSET=latin1;
# VIEW: util_test.v1
CREATE ALGORITHM=UNDEFINED DEFINER=`root`@`localhost` SQL SECURITY DEFINER VIEW `util_test`.`v1` AS select `util_test`.`t1`.`a` AS `a` from `util_test`.`t1`;
# TRIGGER: util_test.trg
DELIMITER ||
CREATE DEFINER=`root`@`localhost` TRIGGER util_test.trg AFTER INSERT ON util_test.t1 FOR EACH ROW INSERT INTO util_test.t2 VALUES('Test objects count');
||
DELIMITER ;
# PROCEDURE: util_test.p1
DELIMITER ||
CREATE DEFINER=`root`@`localhost` PROCEDURE `p1`(p1 CHAR(20))
INSERT INTO util_test.t1 VALUES ("50");
||
DELIMITER ;
# FUNCTION: util_test.f1
DELIMITER ||
CREATE DEFINER=`root`@`localhost` FUNCTION `f1`() RETURNS int(11)
    DETERMINISTIC
RETURN (SELECT 1);
||
DELIMITER ;
# EVENT: util_test.e1
DELIMITER ||
CREATE EVENT `e1` ON SCHEDULE EVERY 1 YEAR STARTS XXXXXXXXXXXXXXXXXXXXXXXXXXXXXXXXXXXX
||
DELIMITER ;
# Grant:
GRANT ALTER ON `util_test`.* TO 'joe'@'user';
# Grant:
GRANT ALTER ROUTINE ON `util_test`.* TO 'joe'@'user';
# Grant:
GRANT CREATE ON `util_test`.* TO 'joe'@'user';
# Grant:
GRANT CREATE ROUTINE ON `util_test`.* TO 'joe'@'user';
# Grant:
GRANT CREATE TEMPORARY TABLES ON `util_test`.* TO 'joe'@'user';
# Grant:
GRANT CREATE VIEW ON `util_test`.* TO 'joe'@'user';
# Grant:
GRANT DELETE ON `util_test`.* TO 'joe'@'user';
# Grant:
GRANT DROP ON `util_test`.* TO 'joe'@'user';
# Grant:
GRANT EVENT ON `util_test`.* TO 'joe'@'user';
# Grant:
GRANT EXECUTE ON `util_test`.* TO 'joe'@'user';
# Grant:
GRANT INDEX ON `util_test`.* TO 'joe'@'user';
# Grant:
GRANT INSERT ON `util_test`.* TO 'joe'@'user';
# Grant:
GRANT LOCK TABLES ON `util_test`.* TO 'joe'@'user';
# Grant:
GRANT REFERENCES ON `util_test`.* TO 'joe'@'user';
# Grant:
GRANT SELECT ON `util_test`.* TO 'joe'@'user';
# Grant:
GRANT SHOW VIEW ON `util_test`.* TO 'joe'@'user';
# Grant:
GRANT TRIGGER ON `util_test`.* TO 'joe'@'user';
# Grant:
GRANT UPDATE ON `util_test`.* TO 'joe'@'user';
#...done.
Test case 24 - CS format
# Source on localhost: ... connected.
# Exporting metadata from util_test
# TABLES in util_test:
TABLE_SCHEMA,TABLE_NAME,ENGINE,ORDINAL_POSITION,COLUMN_NAME,COLUMN_TYPE,IS_NULLABLE,COLUMN_DEFAULT,COLUMN_KEY,TABLE_COLLATION,CREATE_OPTIONS,CONSTRAINT_NAME,REFERENCED_TABLE_NAME,UNIQUE_CONSTRAINT_NAME,UPDATE_RULE,DELETE_RULE,CONSTRAINT_NAME,COL_NAME,REFERENCED_TABLE_SCHEMA,REFERENCED_COLUMN_NAME
`util_test`,`t1`,MEMORY,1,`a`,char(30),YES,,,latin1_swedish_ci,,,,,,,,,,
`util_test`,`t2`,MyISAM,1,`a`,char(30),YES,,,latin1_swedish_ci,,,,,,,,,,
`util_test`,`t3`,InnoDB,1,`a`,int(11),NO,,PRI,latin1_swedish_ci,,,,,,,`PRIMARY`,`a`,,
`util_test`,`t3`,InnoDB,2,`b`,char(30),YES,,,latin1_swedish_ci,,,,,,,`PRIMARY`,`a`,,
`util_test`,`t4`,InnoDB,1,`c`,int(11),NO,,MUL,latin1_swedish_ci,,`ref_t3`,`t3`,`PRIMARY`,RESTRICT,RESTRICT,`ref_t3`,`c`,`util_test`,`a`
`util_test`,`t4`,InnoDB,2,`d`,int(11),NO,,,latin1_swedish_ci,,`ref_t3`,`t3`,`PRIMARY`,RESTRICT,RESTRICT,`ref_t3`,`c`,`util_test`,`a`
# VIEWS in util_test:
TABLE_SCHEMA,TABLE_NAME,DEFINER,SECURITY_TYPE,VIEW_DEFINITION,CHECK_OPTION,IS_UPDATABLE,CHARACTER_SET_CLIENT,COLLATION_CONNECTION
`util_test`,`v1`,root@localhost,DEFINER,select `util_test`.`t1`.`a` AS `a` from `util_test`.`t1`,NONE,YES,latin1,latin1_swedish_ci
# TRIGGERS in util_test:
TRIGGER_NAME,DEFINER,EVENT_MANIPULATION,EVENT_OBJECT_SCHEMA,EVENT_OBJECT_TABLE,ACTION_ORIENTATION,ACTION_TIMING,ACTION_STATEMENT,SQL_MODE,CHARACTER_SET_CLIENT,COLLATION_CONNECTION,DATABASE_COLLATION
`trg`,root@localhost,INSERT,`util_test`,`t1`,ROW,AFTER,INSERT INTO util_test.t2 VALUES('Test objects count'),,latin1,latin1_swedish_ci,latin1_swedish_ci
# PROCEDURES in util_test:
NAME,LANGUAGE,SQL_DATA_ACCESS,IS_DETERMINISTIC,SECURITY_TYPE,DEFINER,PARAM_LIST,RETURNS,BODY,SQL_MODE,CHARACTER_SET_CLIENT,COLLATION_CONNECTION,DB_COLLATION
`p1`,SQL,CONTAINS_SQL,NO,DEFINER,root@localhost,p1 CHAR(20),,"INSERT INTO util_test.t1 VALUES (""50"")",,latin1,latin1_swedish_ci,latin1_swedish_ci
# FUNCTIONS in util_test:
NAME,LANGUAGE,SQL_DATA_ACCESS,IS_DETERMINISTIC,SECURITY_TYPE,DEFINER,PARAM_LIST,RETURNS,BODY,SQL_MODE,CHARACTER_SET_CLIENT,COLLATION_CONNECTION,DB_COLLATION
`f1`,SQL,CONTAINS_SQL,YES,DEFINER,root@localhost,,int(11),RETURN (SELECT 1),,latin1,latin1_swedish_ci,latin1_swedish_ci
# EVENTS in util_test:
NAME,DEFINER,BODY,STATUS,EXECUTE_AT,INTERVAL_VALUE,INTERVAL_FIELD,SQL_MODE,STARTS,ENDS,STATUS,ON_COMPLETION,ORIGINATOR,CHARACTER_SET_CLIENT,COLLATION_CONNECTION,DB_COLLATION
`e1`,root@localhost,"DELETE FROM util_test.t1 WHERE a = ""not there""",DISABLED,XXXX-XX-XX XX:XX:XX,1,YEAR,,XXXX-XX-XX XX:XX:XX,XXXX-XX-XX XX:XX:XX,DISABLED,DROP,XX,latin1,latin1_swedish_ci,latin1_swedish_ci
# GRANTS in util_test:
GRANTEE,PRIVILEGE_TYPE,TABLE_SCHEMA,TABLE_NAME,COLUMN_NAME,ROUTINE_NAME
'joe'@'user',ALTER,util_test,,,
'joe'@'user',ALTER ROUTINE,util_test,,,
'joe'@'user',CREATE,util_test,,,
'joe'@'user',CREATE ROUTINE,util_test,,,
'joe'@'user',CREATE TEMPORARY TABLES,util_test,,,
'joe'@'user',CREATE VIEW,util_test,,,
'joe'@'user',DELETE,util_test,,,
'joe'@'user',DROP,util_test,,,
'joe'@'user',EVENT,util_test,,,
'joe'@'user',EXECUTE,util_test,,,
'joe'@'user',INDEX,util_test,,,
'joe'@'user',INSERT,util_test,,,
'joe'@'user',LOCK TABLES,util_test,,,
'joe'@'user',REFERENCES,util_test,,,
'joe'@'user',SELECT,util_test,,,
'joe'@'user',SHOW VIEW,util_test,,,
'joe'@'user',TRIGGER,util_test,,,
'joe'@'user',UPDATE,util_test,,,
#...done.
Test case 25 - ta format
# Source on localhost: ... connected.
# Exporting metadata from util_test
# TABLES in util_test:
TABLE_SCHEMA	TABLE_NAME	ENGINE	ORDINAL_POSITION	COLUMN_NAME	COLUMN_TYPE	IS_NULLABLE	COLUMN_DEFAULT	COLUMN_KEY	TABLE_COLLATION	CREATE_OPTIONS	CONSTRAINT_NAME	REFERENCED_TABLE_NAME	UNIQUE_CONSTRAINT_NAME	UPDATE_RULE	DELETE_RULE	CONSTRAINT_NAME	COL_NAME	REFERENCED_TABLE_SCHEMA	REFERENCED_COLUMN_NAME
`util_test`	`t1`	MEMORY	1	`a`	char(30)	YES			latin1_swedish_ci										
`util_test`	`t2`	MyISAM	1	`a`	char(30)	YES			latin1_swedish_ci										
`util_test`	`t3`	InnoDB	1	`a`	int(11)	NO		PRI	latin1_swedish_ci							`PRIMARY`	`a`		
`util_test`	`t3`	InnoDB	2	`b`	char(30)	YES			latin1_swedish_ci							`PRIMARY`	`a`		
`util_test`	`t4`	InnoDB	1	`c`	int(11)	NO		MUL	latin1_swedish_ci		`ref_t3`	`t3`	`PRIMARY`	RESTRICT	RESTRICT	`ref_t3`	`c`	`util_test`	`a`
`util_test`	`t4`	InnoDB	2	`d`	int(11)	NO			latin1_swedish_ci		`ref_t3`	`t3`	`PRIMARY`	RESTRICT	RESTRICT	`ref_t3`	`c`	`util_test`	`a`
# VIEWS in util_test:
TABLE_SCHEMA	TABLE_NAME	DEFINER	SECURITY_TYPE	VIEW_DEFINITION	CHECK_OPTION	IS_UPDATABLE	CHARACTER_SET_CLIENT	COLLATION_CONNECTION
`util_test`	`v1`	root@localhost	DEFINER	select `util_test`.`t1`.`a` AS `a` from `util_test`.`t1`	NONE	YES	latin1	latin1_swedish_ci
# TRIGGERS in util_test:
TRIGGER_NAME	DEFINER	EVENT_MANIPULATION	EVENT_OBJECT_SCHEMA	EVENT_OBJECT_TABLE	ACTION_ORIENTATION	ACTION_TIMING	ACTION_STATEMENT	SQL_MODE	CHARACTER_SET_CLIENT	COLLATION_CONNECTION	DATABASE_COLLATION
`trg`	root@localhost	INSERT	`util_test`	`t1`	ROW	AFTER	INSERT INTO util_test.t2 VALUES('Test objects count')		latin1	latin1_swedish_ci	latin1_swedish_ci
# PROCEDURES in util_test:
NAME	LANGUAGE	SQL_DATA_ACCESS	IS_DETERMINISTIC	SECURITY_TYPE	DEFINER	PARAM_LIST	RETURNS	BODY	SQL_MODE	CHARACTER_SET_CLIENT	COLLATION_CONNECTION	DB_COLLATION
`p1`	SQL	CONTAINS_SQL	NO	DEFINER	root@localhost	p1 CHAR(20)		"INSERT INTO util_test.t1 VALUES (""50"")"		latin1	latin1_swedish_ci	latin1_swedish_ci
# FUNCTIONS in util_test:
NAME	LANGUAGE	SQL_DATA_ACCESS	IS_DETERMINISTIC	SECURITY_TYPE	DEFINER	PARAM_LIST	RETURNS	BODY	SQL_MODE	CHARACTER_SET_CLIENT	COLLATION_CONNECTION	DB_COLLATION
`f1`	SQL	CONTAINS_SQL	YES	DEFINER	root@localhost		int(11)	RETURN (SELECT 1)		latin1	latin1_swedish_ci	latin1_swedish_ci
# EVENTS in util_test:
NAME	DEFINER	BODY	STATUS	EXECUTE_AT	INTERVAL_VALUE	INTERVAL_FIELD	SQL_MODE	STARTS	ENDS	STATUS	ON_COMPLETION	ORIGINATOR	CHARACTER_SET_CLIENT	COLLATION_CONNECTION	DB_COLLATION
`e1`	root@localhost	"DELETE FROM util_test.t1 WHERE a = ""not there"""	DISABLED	XXXX-XX-XX XX:XX:XX	1	YEAR		XXXX-XX-XX XX:XX:XX	XXXX-XX-XX XX:XX:XX	DISABLED	DROP	XX	latin1	latin1_swedish_ci	latin1_swedish_ci
# GRANTS in util_test:
GRANTEE	PRIVILEGE_TYPE	TABLE_SCHEMA	TABLE_NAME	COLUMN_NAME	ROUTINE_NAME
'joe'@'user'	ALTER	util_test			
'joe'@'user'	ALTER ROUTINE	util_test			
'joe'@'user'	CREATE	util_test			
'joe'@'user'	CREATE ROUTINE	util_test			
'joe'@'user'	CREATE TEMPORARY TABLES	util_test			
'joe'@'user'	CREATE VIEW	util_test			
'joe'@'user'	DELETE	util_test			
'joe'@'user'	DROP	util_test			
'joe'@'user'	EVENT	util_test			
'joe'@'user'	EXECUTE	util_test			
'joe'@'user'	INDEX	util_test			
'joe'@'user'	INSERT	util_test			
'joe'@'user'	LOCK TABLES	util_test			
'joe'@'user'	REFERENCES	util_test			
'joe'@'user'	SELECT	util_test			
'joe'@'user'	SHOW VIEW	util_test			
'joe'@'user'	TRIGGER	util_test			
'joe'@'user'	UPDATE	util_test			
#...done.
Test case 26 - g format
# Source on localhost: ... connected.
# Exporting metadata from util_test
# TABLES in util_test:
+---------------+-------------+---------+-------------------+--------------+--------------+--------------+-----------------+-------------+--------------------+-----------------+------------------+------------------------+-------------------------+--------------+--------------+------------------+-----------+--------------------------+-------------------------+
| TABLE_SCHEMA  | TABLE_NAME  | ENGINE  | ORDINAL_POSITION  | COLUMN_NAME  | COLUMN_TYPE  | IS_NULLABLE  | COLUMN_DEFAULT  | COLUMN_KEY  | TABLE_COLLATION    | CREATE_OPTIONS  | CONSTRAINT_NAME  | REFERENCED_TABLE_NAME  | UNIQUE_CONSTRAINT_NAME  | UPDATE_RULE  | DELETE_RULE  | CONSTRAINT_NAME  | COL_NAME  | REFERENCED_TABLE_SCHEMA  | REFERENCED_COLUMN_NAME  |
+---------------+-------------+---------+-------------------+--------------+--------------+--------------+-----------------+-------------+--------------------+-----------------+------------------+------------------------+-------------------------+--------------+--------------+------------------+-----------+--------------------------+-------------------------+
| util_test     | t1          | MEMORY  | 1                 | a            | char(30)     | YES          | None            |             | latin1_swedish_ci  |                 | None             | None                   | None                    | None         | None         | None             | None      | None                     | None                    |
| util_test     | t2          | MyISAM  | 1                 | a            | char(30)     | YES          | None            |             | latin1_swedish_ci  |                 | None             | None                   | None                    | None         | None         | None             | None      | None                     | None                    |
| util_test     | t3          | InnoDB  | 1                 | a            | int(11)      | NO           | None            | PRI         | latin1_swedish_ci  |                 | None             | None                   | None                    | None         | None         | PRIMARY          | a         | None                     | None                    |
| util_test     | t3          | InnoDB  | 2                 | b            | char(30)     | YES          | None            |             | latin1_swedish_ci  |                 | None             | None                   | None                    | None         | None         | PRIMARY          | a         | None                     | None                    |
| util_test     | t4          | InnoDB  | 1                 | c            | int(11)      | NO           | None            | MUL         | latin1_swedish_ci  |                 | ref_t3           | t3                     | PRIMARY                 | RESTRICT     | RESTRICT     | ref_t3           | c         | util_test                | a                       |
| util_test     | t4          | InnoDB  | 2                 | d            | int(11)      | NO           | None            |             | latin1_swedish_ci  |                 | ref_t3           | t3                     | PRIMARY                 | RESTRICT     | RESTRICT     | ref_t3           | c         | util_test                | a                       |
+---------------+-------------+---------+-------------------+--------------+--------------+--------------+-----------------+-------------+--------------------+-----------------+------------------+------------------------+-------------------------+--------------+--------------+------------------+-----------+--------------------------+-------------------------+
# VIEWS in util_test:
+---------------+-------------+-----------------+----------------+-----------------------------------------------------------+---------------+---------------+-----------------------+-----------------------+
| TABLE_SCHEMA  | TABLE_NAME  | DEFINER         | SECURITY_TYPE  | VIEW_DEFINITION                                           | CHECK_OPTION  | IS_UPDATABLE  | CHARACTER_SET_CLIENT  | COLLATION_CONNECTION  |
+---------------+-------------+-----------------+----------------+-----------------------------------------------------------+---------------+---------------+-----------------------+-----------------------+
| util_test     | v1          | root@localhost  | DEFINER        | select `util_test`.`t1`.`a` AS `a` from `util_test`.`t1`  | NONE          | YES           | latin1                | latin1_swedish_ci     |
+---------------+-------------+-----------------+----------------+-----------------------------------------------------------+---------------+---------------+-----------------------+-----------------------+
# TRIGGERS in util_test:
+---------------+-----------------+---------------------+----------------------+---------------------+---------------------+----------------+--------------------------------------------------------+-----------+-----------------------+-----------------------+---------------------+
| TRIGGER_NAME  | DEFINER         | EVENT_MANIPULATION  | EVENT_OBJECT_SCHEMA  | EVENT_OBJECT_TABLE  | ACTION_ORIENTATION  | ACTION_TIMING  | ACTION_STATEMENT                                       | SQL_MODE  | CHARACTER_SET_CLIENT  | COLLATION_CONNECTION  | DATABASE_COLLATION  |
+---------------+-----------------+---------------------+----------------------+---------------------+---------------------+----------------+--------------------------------------------------------+-----------+-----------------------+-----------------------+---------------------+
| trg           | root@localhost  | INSERT              | util_test            | t1                  | ROW                 | AFTER          | INSERT INTO util_test.t2 VALUES('Test objects count')  |           | latin1                | latin1_swedish_ci     | latin1_swedish_ci   |
+---------------+-----------------+---------------------+----------------------+---------------------+---------------------+----------------+--------------------------------------------------------+-----------+-----------------------+-----------------------+---------------------+
# PROCEDURES in util_test:
+-------+-----------+------------------+-------------------+----------------+-----------------+--------------+----------+-----------------------------------------+-----------+-----------------------+-----------------------+--------------------+
| NAME  | LANGUAGE  | SQL_DATA_ACCESS  | IS_DETERMINISTIC  | SECURITY_TYPE  | DEFINER         | PARAM_LIST   | RETURNS  | BODY                                    | SQL_MODE  | CHARACTER_SET_CLIENT  | COLLATION_CONNECTION  | DB_COLLATION       |
+-------+-----------+------------------+-------------------+----------------+-----------------+--------------+----------+-----------------------------------------+-----------+-----------------------+-----------------------+--------------------+
| p1    | SQL       | CONTAINS_SQL     | NO                | DEFINER        | root@localhost  | p1 CHAR(20)  |          | INSERT INTO util_test.t1 VALUES ("50")  |           | latin1                | latin1_swedish_ci     | latin1_swedish_ci  |
+-------+-----------+------------------+-------------------+----------------+-----------------+--------------+----------+-----------------------------------------+-----------+-----------------------+-----------------------+--------------------+
# FUNCTIONS in util_test:
+-------+-----------+------------------+-------------------+----------------+-----------------+-------------+----------+--------------------+-----------+-----------------------+-----------------------+--------------------+
| NAME  | LANGUAGE  | SQL_DATA_ACCESS  | IS_DETERMINISTIC  | SECURITY_TYPE  | DEFINER         | PARAM_LIST  | RETURNS  | BODY               | SQL_MODE  | CHARACTER_SET_CLIENT  | COLLATION_CONNECTION  | DB_COLLATION       |
+-------+-----------+------------------+-------------------+----------------+-----------------+-------------+----------+--------------------+-----------+-----------------------+-----------------------+--------------------+
| f1    | SQL       | CONTAINS_SQL     | YES               | DEFINER        | root@localhost  |             | int(11)  | RETURN (SELECT 1)  |           | latin1                | latin1_swedish_ci     | latin1_swedish_ci  |
+-------+-----------+------------------+-------------------+----------------+-----------------+-------------+----------+--------------------+-----------+-----------------------+-----------------------+--------------------+
# EVENTS in util_test:
+-------+-----------------+-------------------------------------------------+-----------+-------------+-----------------+-----------------+-----------+----------------------+-------+-----------+----------------+-------------+-----------------------+-----------------------+--------------------+
| NAME  | DEFINER         | BODY                                            | STATUS    | EXECUTE_AT  | INTERVAL_VALUE  | INTERVAL_FIELD  | SQL_MODE  | STARTS               | ENDS  | STATUS    | ON_COMPLETION  | ORIGINATOR  | CHARACTER_SET_CLIENT  | COLLATION_CONNECTION  | DB_COLLATION       |
+-------+-----------------+-------------------------------------------------+-----------+-------------+-----------------+-----------------+-----------+----------------------+-------+-----------+----------------+-------------+-----------------------+-----------------------+--------------------+
| e1    | root@localhost  | DELETE FROM util_test.t1 WHERE a = "not there"  | DISABLED  | None        | 1               | YEAR            |           | XXXX-XX-XX XX:XX:XX  | None  | DISABLED  | DROP           | X           | latin1                | latin1_swedish_ci     | latin1_swedish_ci  |
+-------+-----------------+-------------------------------------------------+-----------+-------------+-----------------+-----------------+-----------+----------------------+-------+-----------+----------------+-------------+-----------------------+-----------------------+--------------------+
# GRANTS in util_test:
+---------------+--------------------------+---------------+-------------+--------------+---------------+
| GRANTEE       | PRIVILEGE_TYPE           | TABLE_SCHEMA  | TABLE_NAME  | COLUMN_NAME  | ROUTINE_NAME  |
+---------------+--------------------------+---------------+-------------+--------------+---------------+
| 'joe'@'user'  | ALTER                    | util_test     | None        | None         | None          |
| 'joe'@'user'  | ALTER ROUTINE            | util_test     | None        | None         | None          |
| 'joe'@'user'  | CREATE                   | util_test     | None        | None         | None          |
| 'joe'@'user'  | CREATE ROUTINE           | util_test     | None        | None         | None          |
| 'joe'@'user'  | CREATE TEMPORARY TABLES  | util_test     | None        | None         | None          |
| 'joe'@'user'  | CREATE VIEW              | util_test     | None        | None         | None          |
| 'joe'@'user'  | DELETE                   | util_test     | None        | None         | None          |
| 'joe'@'user'  | DROP                     | util_test     | None        | None         | None          |
| 'joe'@'user'  | EVENT                    | util_test     | None        | None         | None          |
| 'joe'@'user'  | EXECUTE                  | util_test     | None        | None         | None          |
| 'joe'@'user'  | INDEX                    | util_test     | None        | None         | None          |
| 'joe'@'user'  | INSERT                   | util_test     | None        | None         | None          |
| 'joe'@'user'  | LOCK TABLES              | util_test     | None        | None         | None          |
| 'joe'@'user'  | REFERENCES               | util_test     | None        | None         | None          |
| 'joe'@'user'  | SELECT                   | util_test     | None        | None         | None          |
| 'joe'@'user'  | SHOW VIEW                | util_test     | None        | None         | None          |
| 'joe'@'user'  | TRIGGER                  | util_test     | None        | None         | None          |
| 'joe'@'user'  | UPDATE                   | util_test     | None        | None         | None          |
+---------------+--------------------------+---------------+-------------+--------------+---------------+
#...done.
Test case 27 - v format
# Source on localhost: ... connected.
# Exporting metadata from util_test
# TABLES in util_test:
*************************       1. row *************************
            TABLE_SCHEMA: util_test
              TABLE_NAME: t1
                  ENGINE: MEMORY
        ORDINAL_POSITION: 1
             COLUMN_NAME: a
             COLUMN_TYPE: char(30)
             IS_NULLABLE: YES
          COLUMN_DEFAULT: None
              COLUMN_KEY: 
         TABLE_COLLATION: latin1_swedish_ci
          CREATE_OPTIONS: 
         CONSTRAINT_NAME: None
   REFERENCED_TABLE_NAME: None
  UNIQUE_CONSTRAINT_NAME: None
             UPDATE_RULE: None
             DELETE_RULE: None
         CONSTRAINT_NAME: None
                COL_NAME: None
 REFERENCED_TABLE_SCHEMA: None
  REFERENCED_COLUMN_NAME: None
*************************       2. row *************************
            TABLE_SCHEMA: util_test
              TABLE_NAME: t2
                  ENGINE: MyISAM
        ORDINAL_POSITION: 1
             COLUMN_NAME: a
             COLUMN_TYPE: char(30)
             IS_NULLABLE: YES
          COLUMN_DEFAULT: None
              COLUMN_KEY: 
         TABLE_COLLATION: latin1_swedish_ci
          CREATE_OPTIONS: 
         CONSTRAINT_NAME: None
   REFERENCED_TABLE_NAME: None
  UNIQUE_CONSTRAINT_NAME: None
             UPDATE_RULE: None
             DELETE_RULE: None
         CONSTRAINT_NAME: None
                COL_NAME: None
 REFERENCED_TABLE_SCHEMA: None
  REFERENCED_COLUMN_NAME: None
*************************       3. row *************************
            TABLE_SCHEMA: util_test
              TABLE_NAME: t3
                  ENGINE: InnoDB
        ORDINAL_POSITION: 1
             COLUMN_NAME: a
             COLUMN_TYPE: int(11)
             IS_NULLABLE: NO
          COLUMN_DEFAULT: None
              COLUMN_KEY: PRI
         TABLE_COLLATION: latin1_swedish_ci
          CREATE_OPTIONS: 
         CONSTRAINT_NAME: None
   REFERENCED_TABLE_NAME: None
  UNIQUE_CONSTRAINT_NAME: None
             UPDATE_RULE: None
             DELETE_RULE: None
         CONSTRAINT_NAME: PRIMARY
                COL_NAME: a
 REFERENCED_TABLE_SCHEMA: None
  REFERENCED_COLUMN_NAME: None
*************************       4. row *************************
            TABLE_SCHEMA: util_test
              TABLE_NAME: t3
                  ENGINE: InnoDB
        ORDINAL_POSITION: 2
             COLUMN_NAME: b
             COLUMN_TYPE: char(30)
             IS_NULLABLE: YES
          COLUMN_DEFAULT: None
              COLUMN_KEY: 
         TABLE_COLLATION: latin1_swedish_ci
          CREATE_OPTIONS: 
         CONSTRAINT_NAME: None
   REFERENCED_TABLE_NAME: None
  UNIQUE_CONSTRAINT_NAME: None
             UPDATE_RULE: None
             DELETE_RULE: None
         CONSTRAINT_NAME: PRIMARY
                COL_NAME: a
 REFERENCED_TABLE_SCHEMA: None
  REFERENCED_COLUMN_NAME: None
*************************       5. row *************************
            TABLE_SCHEMA: util_test
              TABLE_NAME: t4
                  ENGINE: InnoDB
        ORDINAL_POSITION: 1
             COLUMN_NAME: c
             COLUMN_TYPE: int(11)
             IS_NULLABLE: NO
          COLUMN_DEFAULT: None
              COLUMN_KEY: MUL
         TABLE_COLLATION: latin1_swedish_ci
          CREATE_OPTIONS: 
         CONSTRAINT_NAME: ref_t3
   REFERENCED_TABLE_NAME: t3
  UNIQUE_CONSTRAINT_NAME: PRIMARY
             UPDATE_RULE: RESTRICT
             DELETE_RULE: RESTRICT
         CONSTRAINT_NAME: ref_t3
                COL_NAME: c
 REFERENCED_TABLE_SCHEMA: util_test
  REFERENCED_COLUMN_NAME: a
*************************       6. row *************************
            TABLE_SCHEMA: util_test
              TABLE_NAME: t4
                  ENGINE: InnoDB
        ORDINAL_POSITION: 2
             COLUMN_NAME: d
             COLUMN_TYPE: int(11)
             IS_NULLABLE: NO
          COLUMN_DEFAULT: None
              COLUMN_KEY: 
         TABLE_COLLATION: latin1_swedish_ci
          CREATE_OPTIONS: 
         CONSTRAINT_NAME: ref_t3
   REFERENCED_TABLE_NAME: t3
  UNIQUE_CONSTRAINT_NAME: PRIMARY
             UPDATE_RULE: RESTRICT
             DELETE_RULE: RESTRICT
         CONSTRAINT_NAME: ref_t3
                COL_NAME: c
 REFERENCED_TABLE_SCHEMA: util_test
  REFERENCED_COLUMN_NAME: a
6 rows.
# VIEWS in util_test:
*************************       1. row *************************
         TABLE_SCHEMA: util_test
           TABLE_NAME: v1
              DEFINER: root@localhost
        SECURITY_TYPE: DEFINER
      VIEW_DEFINITION: select `util_test`.`t1`.`a` AS `a` from `util_test`.`t1`
         CHECK_OPTION: NONE
         IS_UPDATABLE: YES
 CHARACTER_SET_CLIENT: latin1
 COLLATION_CONNECTION: latin1_swedish_ci
1 rows.
# TRIGGERS in util_test:
*************************       1. row *************************
         TRIGGER_NAME: trg
              DEFINER: root@localhost
   EVENT_MANIPULATION: INSERT
  EVENT_OBJECT_SCHEMA: util_test
   EVENT_OBJECT_TABLE: t1
   ACTION_ORIENTATION: ROW
        ACTION_TIMING: AFTER
     ACTION_STATEMENT: INSERT INTO util_test.t2 VALUES('Test objects count')
             SQL_MODE: 
 CHARACTER_SET_CLIENT: latin1
 COLLATION_CONNECTION: latin1_swedish_ci
   DATABASE_COLLATION: latin1_swedish_ci
1 rows.
# PROCEDURES in util_test:
*************************       1. row *************************
                 NAME: p1
             LANGUAGE: SQL
      SQL_DATA_ACCESS: CONTAINS_SQL
     IS_DETERMINISTIC: NO
        SECURITY_TYPE: DEFINER
              DEFINER: root@localhost
           PARAM_LIST: p1 CHAR(20)
              RETURNS: 
                 BODY: INSERT INTO util_test.t1 VALUES ("50")
             SQL_MODE: 
 CHARACTER_SET_CLIENT: latin1
 COLLATION_CONNECTION: latin1_swedish_ci
         DB_COLLATION: latin1_swedish_ci
1 rows.
# FUNCTIONS in util_test:
*************************       1. row *************************
                 NAME: f1
             LANGUAGE: SQL
      SQL_DATA_ACCESS: CONTAINS_SQL
     IS_DETERMINISTIC: YES
        SECURITY_TYPE: DEFINER
              DEFINER: root@localhost
           PARAM_LIST: 
              RETURNS: int(11)
                 BODY: RETURN (SELECT 1)
             SQL_MODE: 
 CHARACTER_SET_CLIENT: latin1
 COLLATION_CONNECTION: latin1_swedish_ci
         DB_COLLATION: latin1_swedish_ci
1 rows.
# EVENTS in util_test:
*************************       1. row *************************
                 NAME: e1
              DEFINER: root@localhost
                 BODY: DELETE FROM util_test.t1 WHERE a = "not there"
               STATUS: DISABLED
           EXECUTE_AT: None
       INTERVAL_VALUE: 1
       INTERVAL_FIELD: YEAR
             SQL_MODE: 
               STARTS: XXXX-XX-XX XX:XX:XX
                 ENDS: XXXX-XX-XX XX:XX:XX
               STATUS: DISABLED
        ON_COMPLETION: DROP
           ORIGINATOR: XX
 CHARACTER_SET_CLIENT: latin1
 COLLATION_CONNECTION: latin1_swedish_ci
         DB_COLLATION: latin1_swedish_ci
1 rows.
# GRANTS in util_test:
*************************       1. row *************************
        GRANTEE: 'joe'@'user'
 PRIVILEGE_TYPE: ALTER
   TABLE_SCHEMA: util_test
     TABLE_NAME: None
    COLUMN_NAME: None
   ROUTINE_NAME: None
*************************       2. row *************************
        GRANTEE: 'joe'@'user'
 PRIVILEGE_TYPE: ALTER ROUTINE
   TABLE_SCHEMA: util_test
     TABLE_NAME: None
    COLUMN_NAME: None
   ROUTINE_NAME: None
*************************       3. row *************************
        GRANTEE: 'joe'@'user'
 PRIVILEGE_TYPE: CREATE
   TABLE_SCHEMA: util_test
     TABLE_NAME: None
    COLUMN_NAME: None
   ROUTINE_NAME: None
*************************       4. row *************************
        GRANTEE: 'joe'@'user'
 PRIVILEGE_TYPE: CREATE ROUTINE
   TABLE_SCHEMA: util_test
     TABLE_NAME: None
    COLUMN_NAME: None
   ROUTINE_NAME: None
*************************       5. row *************************
        GRANTEE: 'joe'@'user'
 PRIVILEGE_TYPE: CREATE TEMPORARY TABLES
   TABLE_SCHEMA: util_test
     TABLE_NAME: None
    COLUMN_NAME: None
   ROUTINE_NAME: None
*************************       6. row *************************
        GRANTEE: 'joe'@'user'
 PRIVILEGE_TYPE: CREATE VIEW
   TABLE_SCHEMA: util_test
     TABLE_NAME: None
    COLUMN_NAME: None
   ROUTINE_NAME: None
*************************       7. row *************************
        GRANTEE: 'joe'@'user'
 PRIVILEGE_TYPE: DELETE
   TABLE_SCHEMA: util_test
     TABLE_NAME: None
    COLUMN_NAME: None
   ROUTINE_NAME: None
*************************       8. row *************************
        GRANTEE: 'joe'@'user'
 PRIVILEGE_TYPE: DROP
   TABLE_SCHEMA: util_test
     TABLE_NAME: None
    COLUMN_NAME: None
   ROUTINE_NAME: None
*************************       9. row *************************
        GRANTEE: 'joe'@'user'
 PRIVILEGE_TYPE: EVENT
   TABLE_SCHEMA: util_test
     TABLE_NAME: None
    COLUMN_NAME: None
   ROUTINE_NAME: None
*************************      10. row *************************
        GRANTEE: 'joe'@'user'
 PRIVILEGE_TYPE: EXECUTE
   TABLE_SCHEMA: util_test
     TABLE_NAME: None
    COLUMN_NAME: None
   ROUTINE_NAME: None
*************************      11. row *************************
        GRANTEE: 'joe'@'user'
 PRIVILEGE_TYPE: INDEX
   TABLE_SCHEMA: util_test
     TABLE_NAME: None
    COLUMN_NAME: None
   ROUTINE_NAME: None
*************************      12. row *************************
        GRANTEE: 'joe'@'user'
 PRIVILEGE_TYPE: INSERT
   TABLE_SCHEMA: util_test
     TABLE_NAME: None
    COLUMN_NAME: None
   ROUTINE_NAME: None
*************************      13. row *************************
        GRANTEE: 'joe'@'user'
 PRIVILEGE_TYPE: LOCK TABLES
   TABLE_SCHEMA: util_test
     TABLE_NAME: None
    COLUMN_NAME: None
   ROUTINE_NAME: None
*************************      14. row *************************
        GRANTEE: 'joe'@'user'
 PRIVILEGE_TYPE: REFERENCES
   TABLE_SCHEMA: util_test
     TABLE_NAME: None
    COLUMN_NAME: None
   ROUTINE_NAME: None
*************************      15. row *************************
        GRANTEE: 'joe'@'user'
 PRIVILEGE_TYPE: SELECT
   TABLE_SCHEMA: util_test
     TABLE_NAME: None
    COLUMN_NAME: None
   ROUTINE_NAME: None
*************************      16. row *************************
        GRANTEE: 'joe'@'user'
 PRIVILEGE_TYPE: SHOW VIEW
   TABLE_SCHEMA: util_test
     TABLE_NAME: None
    COLUMN_NAME: None
   ROUTINE_NAME: None
*************************      17. row *************************
        GRANTEE: 'joe'@'user'
 PRIVILEGE_TYPE: TRIGGER
   TABLE_SCHEMA: util_test
     TABLE_NAME: None
    COLUMN_NAME: None
   ROUTINE_NAME: None
*************************      18. row *************************
        GRANTEE: 'joe'@'user'
 PRIVILEGE_TYPE: UPDATE
   TABLE_SCHEMA: util_test
     TABLE_NAME: None
    COLUMN_NAME: None
   ROUTINE_NAME: None
18 rows.
#...done.
Test case 28 - GRID format with BRIEF display
# Source on localhost: ... connected.
# Exporting metadata from util_test
# TABLES in util_test:
+---------------+-------------+---------+-------------------+--------------+--------------+--------------+-----------------+-------------+--------------------+-----------------+------------------+------------------------+-------------------------+--------------+--------------+------------------+-----------+--------------------------+-------------------------+
| TABLE_SCHEMA  | TABLE_NAME  | ENGINE  | ORDINAL_POSITION  | COLUMN_NAME  | COLUMN_TYPE  | IS_NULLABLE  | COLUMN_DEFAULT  | COLUMN_KEY  | TABLE_COLLATION    | CREATE_OPTIONS  | CONSTRAINT_NAME  | REFERENCED_TABLE_NAME  | UNIQUE_CONSTRAINT_NAME  | UPDATE_RULE  | DELETE_RULE  | CONSTRAINT_NAME  | COL_NAME  | REFERENCED_TABLE_SCHEMA  | REFERENCED_COLUMN_NAME  |
+---------------+-------------+---------+-------------------+--------------+--------------+--------------+-----------------+-------------+--------------------+-----------------+------------------+------------------------+-------------------------+--------------+--------------+------------------+-----------+--------------------------+-------------------------+
| util_test     | t1          | MEMORY  | 1                 | a            | char(30)     | YES          | None            |             | latin1_swedish_ci  |                 | None             | None                   | None                    | None         | None         | None             | None      | None                     | None                    |
| util_test     | t2          | MyISAM  | 1                 | a            | char(30)     | YES          | None            |             | latin1_swedish_ci  |                 | None             | None                   | None                    | None         | None         | None             | None      | None                     | None                    |
| util_test     | t3          | InnoDB  | 1                 | a            | int(11)      | NO           | None            | PRI         | latin1_swedish_ci  |                 | None             | None                   | None                    | None         | None         | PRIMARY          | a         | None                     | None                    |
| util_test     | t3          | InnoDB  | 2                 | b            | char(30)     | YES          | None            |             | latin1_swedish_ci  |                 | None             | None                   | None                    | None         | None         | PRIMARY          | a         | None                     | None                    |
| util_test     | t4          | InnoDB  | 1                 | c            | int(11)      | NO           | None            | MUL         | latin1_swedish_ci  |                 | ref_t3           | t3                     | PRIMARY                 | RESTRICT     | RESTRICT     | ref_t3           | c         | util_test                | a                       |
| util_test     | t4          | InnoDB  | 2                 | d            | int(11)      | NO           | None            |             | latin1_swedish_ci  |                 | ref_t3           | t3                     | PRIMARY                 | RESTRICT     | RESTRICT     | ref_t3           | c         | util_test                | a                       |
+---------------+-------------+---------+-------------------+--------------+--------------+--------------+-----------------+-------------+--------------------+-----------------+------------------+------------------------+-------------------------+--------------+--------------+------------------+-----------+--------------------------+-------------------------+
# VIEWS in util_test:
+---------------+-------------+-----------------+----------------+-----------------------------------------------------------+---------------+---------------+-----------------------+-----------------------+
| TABLE_SCHEMA  | TABLE_NAME  | DEFINER         | SECURITY_TYPE  | VIEW_DEFINITION                                           | CHECK_OPTION  | IS_UPDATABLE  | CHARACTER_SET_CLIENT  | COLLATION_CONNECTION  |
+---------------+-------------+-----------------+----------------+-----------------------------------------------------------+---------------+---------------+-----------------------+-----------------------+
| util_test     | v1          | root@localhost  | DEFINER        | select `util_test`.`t1`.`a` AS `a` from `util_test`.`t1`  | NONE          | YES           | latin1                | latin1_swedish_ci     |
+---------------+-------------+-----------------+----------------+-----------------------------------------------------------+---------------+---------------+-----------------------+-----------------------+
# TRIGGERS in util_test:
+---------------+-----------------+---------------------+----------------------+---------------------+---------------------+----------------+--------------------------------------------------------+-----------+-----------------------+-----------------------+---------------------+
| TRIGGER_NAME  | DEFINER         | EVENT_MANIPULATION  | EVENT_OBJECT_SCHEMA  | EVENT_OBJECT_TABLE  | ACTION_ORIENTATION  | ACTION_TIMING  | ACTION_STATEMENT                                       | SQL_MODE  | CHARACTER_SET_CLIENT  | COLLATION_CONNECTION  | DATABASE_COLLATION  |
+---------------+-----------------+---------------------+----------------------+---------------------+---------------------+----------------+--------------------------------------------------------+-----------+-----------------------+-----------------------+---------------------+
| trg           | root@localhost  | INSERT              | util_test            | t1                  | ROW                 | AFTER          | INSERT INTO util_test.t2 VALUES('Test objects count')  |           | latin1                | latin1_swedish_ci     | latin1_swedish_ci   |
+---------------+-----------------+---------------------+----------------------+---------------------+---------------------+----------------+--------------------------------------------------------+-----------+-----------------------+-----------------------+---------------------+
# PROCEDURES in util_test:
+-------+-----------+------------------+-------------------+----------------+-----------------+--------------+----------+-----------------------------------------+-----------+-----------------------+-----------------------+--------------------+
| NAME  | LANGUAGE  | SQL_DATA_ACCESS  | IS_DETERMINISTIC  | SECURITY_TYPE  | DEFINER         | PARAM_LIST   | RETURNS  | BODY                                    | SQL_MODE  | CHARACTER_SET_CLIENT  | COLLATION_CONNECTION  | DB_COLLATION       |
+-------+-----------+------------------+-------------------+----------------+-----------------+--------------+----------+-----------------------------------------+-----------+-----------------------+-----------------------+--------------------+
| p1    | SQL       | CONTAINS_SQL     | NO                | DEFINER        | root@localhost  | p1 CHAR(20)  |          | INSERT INTO util_test.t1 VALUES ("50")  |           | latin1                | latin1_swedish_ci     | latin1_swedish_ci  |
+-------+-----------+------------------+-------------------+----------------+-----------------+--------------+----------+-----------------------------------------+-----------+-----------------------+-----------------------+--------------------+
# FUNCTIONS in util_test:
+-------+-----------+------------------+-------------------+----------------+-----------------+-------------+----------+--------------------+-----------+-----------------------+-----------------------+--------------------+
| NAME  | LANGUAGE  | SQL_DATA_ACCESS  | IS_DETERMINISTIC  | SECURITY_TYPE  | DEFINER         | PARAM_LIST  | RETURNS  | BODY               | SQL_MODE  | CHARACTER_SET_CLIENT  | COLLATION_CONNECTION  | DB_COLLATION       |
+-------+-----------+------------------+-------------------+----------------+-----------------+-------------+----------+--------------------+-----------+-----------------------+-----------------------+--------------------+
| f1    | SQL       | CONTAINS_SQL     | YES               | DEFINER        | root@localhost  |             | int(11)  | RETURN (SELECT 1)  |           | latin1                | latin1_swedish_ci     | latin1_swedish_ci  |
+-------+-----------+------------------+-------------------+----------------+-----------------+-------------+----------+--------------------+-----------+-----------------------+-----------------------+--------------------+
# EVENTS in util_test:
+-------+-----------------+-------------------------------------------------+-----------+-------------+-----------------+-----------------+-----------+----------------------+-------+-----------+----------------+-------------+-----------------------+-----------------------+--------------------+
| NAME  | DEFINER         | BODY                                            | STATUS    | EXECUTE_AT  | INTERVAL_VALUE  | INTERVAL_FIELD  | SQL_MODE  | STARTS               | ENDS  | STATUS    | ON_COMPLETION  | ORIGINATOR  | CHARACTER_SET_CLIENT  | COLLATION_CONNECTION  | DB_COLLATION       |
+-------+-----------------+-------------------------------------------------+-----------+-------------+-----------------+-----------------+-----------+----------------------+-------+-----------+----------------+-------------+-----------------------+-----------------------+--------------------+
| e1    | root@localhost  | DELETE FROM util_test.t1 WHERE a = "not there"  | DISABLED  | None        | 1               | YEAR            |           | XXXX-XX-XX XX:XX:XX  | None  | DISABLED  | DROP           | X           | latin1                | latin1_swedish_ci     | latin1_swedish_ci  |
+-------+-----------------+-------------------------------------------------+-----------+-------------+-----------------+-----------------+-----------+----------------------+-------+-----------+----------------+-------------+-----------------------+-----------------------+--------------------+
# GRANTS in util_test:
+---------------+--------------------------+---------------+-------------+--------------+---------------+
| GRANTEE       | PRIVILEGE_TYPE           | TABLE_SCHEMA  | TABLE_NAME  | COLUMN_NAME  | ROUTINE_NAME  |
+---------------+--------------------------+---------------+-------------+--------------+---------------+
| 'joe'@'user'  | ALTER                    | util_test     | None        | None         | None          |
| 'joe'@'user'  | ALTER ROUTINE            | util_test     | None        | None         | None          |
| 'joe'@'user'  | CREATE                   | util_test     | None        | None         | None          |
| 'joe'@'user'  | CREATE ROUTINE           | util_test     | None        | None         | None          |
| 'joe'@'user'  | CREATE TEMPORARY TABLES  | util_test     | None        | None         | None          |
| 'joe'@'user'  | CREATE VIEW              | util_test     | None        | None         | None          |
| 'joe'@'user'  | DELETE                   | util_test     | None        | None         | None          |
| 'joe'@'user'  | DROP                     | util_test     | None        | None         | None          |
| 'joe'@'user'  | EVENT                    | util_test     | None        | None         | None          |
| 'joe'@'user'  | EXECUTE                  | util_test     | None        | None         | None          |
| 'joe'@'user'  | INDEX                    | util_test     | None        | None         | None          |
| 'joe'@'user'  | INSERT                   | util_test     | None        | None         | None          |
| 'joe'@'user'  | LOCK TABLES              | util_test     | None        | None         | None          |
| 'joe'@'user'  | REFERENCES               | util_test     | None        | None         | None          |
| 'joe'@'user'  | SELECT                   | util_test     | None        | None         | None          |
| 'joe'@'user'  | SHOW VIEW                | util_test     | None        | None         | None          |
| 'joe'@'user'  | TRIGGER                  | util_test     | None        | None         | None          |
| 'joe'@'user'  | UPDATE                   | util_test     | None        | None         | None          |
+---------------+--------------------------+---------------+-------------+--------------+---------------+
#...done.
Test case 29 - GRID format with FULL display
# Source on localhost: ... connected.
# Exporting metadata from util_test
# TABLES in util_test:
+----------------+---------------+-------------+-------------+---------+----------+-------------+-------------+-----------------+--------------+-------------------+---------------+------------+-----------------+----------------------+----------------------+-------------+--------------------+-----------+-----------------+----------------+-------------------+--------------+--------------+--------------+-----------------+-------------+------------------+------------------------+-------------------------+---------------------------+--------------+--------------+------------------+-----------+--------------------------+-------------------------+
| TABLE_CATALOG  | TABLE_SCHEMA  | TABLE_NAME  | TABLE_TYPE  | ENGINE  | VERSION  | ROW_FORMAT  | TABLE_ROWS  | AVG_ROW_LENGTH  | DATA_LENGTH  | MAX_DATA_LENGTH   | INDEX_LENGTH  | DATA_FREE  | AUTO_INCREMENT  | CREATE_TIME          | UPDATE_TIME          | CHECK_TIME  | TABLE_COLLATION    | CHECKSUM  | CREATE_OPTIONS  | TABLE_COMMENT  | ORDINAL_POSITION  | COLUMN_NAME  | COLUMN_TYPE  | IS_NULLABLE  | COLUMN_DEFAULT  | COLUMN_KEY  | CONSTRAINT_NAME  | REFERENCED_TABLE_NAME  | UNIQUE_CONSTRAINT_NAME  | UNIQUE_CONSTRAINT_SCHEMA  | UPDATE_RULE  | DELETE_RULE  | CONSTRAINT_NAME  | COL_NAME  | REFERENCED_TABLE_SCHEMA  | REFERENCED_COLUMN_NAME  |
+----------------+---------------+-------------+-------------+---------+----------+-------------+-------------+-----------------+--------------+-------------------+---------------+------------+-----------------+----------------------+----------------------+-------------+--------------------+-----------+-----------------+----------------+-------------------+--------------+--------------+--------------+-----------------+-------------+------------------+------------------------+-------------------------+---------------------------+--------------+--------------+------------------+-----------+--------------------------+-------------------------+
| None           | util_test     | t1          | BASE TABLE  | MEMORY  | 10       | Fixed       | 7           | 31              | XXXXXXXXXX | XXXXXXXXXX | 0             | XXXXXXXXXX | None            | XXXX-XX-XX XX:XX:XX | XXXX-XX-XX XX:XX:XX | None        | latin1_swedish_ci  | None      |                 |                | 1                 | a            | char(30)     | YES          | None            |             | None             | None                   | None                    | None                      | None         | None         | None             | None      | None                     | None                    |
| None           | util_test     | t2          | BASE TABLE  | MyISAM  | 10       | Fixed       | 3           | 31              | XXXXXXXXXX | XXXXXXXXXX | 1024          | XXXXXXXXXX | None            | XXXX-XX-XX XX:XX:XX | XXXX-XX-XX XX:XX:XX | None        | latin1_swedish_ci  | None      |                 |                | 1                 | a            | char(30)     | YES          | None            |             | None             | None                   | None                    | None                      | None         | None         | None             | None      | None                     | None                    |
| None           | util_test     | t3          | BASE TABLE  | InnoDB  | 10       | Compact     | 3           | 5461            | XXXXXXXXXX | XXXXXXXXXX | 0             | XXXXXXXXXX | 4               | XXXX-XX-XX XX:XX:XX | XXXX-XX-XX XX:XX:XX | None        | latin1_swedish_ci  | None      |                 |                | 1                 | a            | int(11)      | NO           | None            | PRI         | None             | None                   | None                    | None                      | None         | None         | PRIMARY          | a         | None                     | None                    |
| None           | util_test     | t3          | BASE TABLE  | InnoDB  | 10       | Compact     | 3           | 5461            | XXXXXXXXXX | XXXXXXXXXX | 0             | XXXXXXXXXX | 4               | XXXX-XX-XX XX:XX:XX | XXXX-XX-XX XX:XX:XX | None        | latin1_swedish_ci  | None      |                 |                | 2                 | b            | char(30)     | YES          | None            |             | None             | None                   | None                    | None                      | None         | None         | PRIMARY          | a         | None                     | None                    |
| None           | util_test     | t4          | BASE TABLE  | InnoDB  | 10       | Compact     | 1           | 16384           | XXXXXXXXXX | XXXXXXXXXX | 16384         | XXXXXXXXXX | None            | XXXX-XX-XX XX:XX:XX | XXXX-XX-XX XX:XX:XX | None        | latin1_swedish_ci  | None      |                 |                | 1                 | c            | int(11)      | NO           | None            | MUL         | ref_t3           | t3                     | PRIMARY                 | util_test                 | RESTRICT     | RESTRICT     | ref_t3           | c         | util_test                | a                       |
| None           | util_test     | t4          | BASE TABLE  | InnoDB  | 10       | Compact     | 1           | 16384           | XXXXXXXXXX | XXXXXXXXXX | 16384         | XXXXXXXXXX | None            | XXXX-XX-XX XX:XX:XX | XXXX-XX-XX XX:XX:XX | None        | latin1_swedish_ci  | None      |                 |                | 2                 | d            | int(11)      | NO           | None            |             | ref_t3           | t3                     | PRIMARY                 | util_test                 | RESTRICT     | RESTRICT     | ref_t3           | c         | util_test                | a                       |
+----------------+---------------+-------------+-------------+---------+----------+-------------+-------------+-----------------+--------------+-------------------+---------------+------------+-----------------+----------------------+----------------------+-------------+--------------------+-----------+-----------------+----------------+-------------------+--------------+--------------+--------------+-----------------+-------------+------------------+------------------------+-------------------------+---------------------------+--------------+--------------+------------------+-----------+--------------------------+-------------------------+
# VIEWS in util_test:
+----------------+---------------+-------------+-----------------------------------------------------------+---------------+---------------+-----------------+----------------+-----------------------+-----------------------+
| TABLE_CATALOG  | TABLE_SCHEMA  | TABLE_NAME  | VIEW_DEFINITION                                           | CHECK_OPTION  | IS_UPDATABLE  | DEFINER         | SECURITY_TYPE  | CHARACTER_SET_CLIENT  | COLLATION_CONNECTION  |
+----------------+---------------+-------------+-----------------------------------------------------------+---------------+---------------+-----------------+----------------+-----------------------+-----------------------+
| None           | util_test     | v1          | select `util_test`.`t1`.`a` AS `a` from `util_test`.`t1`  | NONE          | YES           | root@localhost  | DEFINER        | latin1                | latin1_swedish_ci     |
+----------------+---------------+-------------+-----------------------------------------------------------+---------------+---------------+-----------------+----------------+-----------------------+-----------------------+
# TRIGGERS in util_test:
+------------------+-----------------+---------------+---------------------+-----------------------+----------------------+---------------------+---------------+-------------------+--------------------------------------------------------+---------------------+----------------+-----------------------------+-----------------------------+---------------------------+---------------------------+----------+-----------+-----------------+-----------------------+-----------------------+---------------------+
| TRIGGER_CATALOG  | TRIGGER_SCHEMA  | TRIGGER_NAME  | EVENT_MANIPULATION  | EVENT_OBJECT_CATALOG  | EVENT_OBJECT_SCHEMA  | EVENT_OBJECT_TABLE  | ACTION_ORDER  | ACTION_CONDITION  | ACTION_STATEMENT                                       | ACTION_ORIENTATION  | ACTION_TIMING  | ACTION_REFERENCE_OLD_TABLE  | ACTION_REFERENCE_NEW_TABLE  | ACTION_REFERENCE_OLD_ROW  | ACTION_REFERENCE_NEW_ROW  | CREATED  | SQL_MODE  | DEFINER         | CHARACTER_SET_CLIENT  | COLLATION_CONNECTION  | DATABASE_COLLATION  |
+------------------+-----------------+---------------+---------------------+-----------------------+----------------------+---------------------+---------------+-------------------+--------------------------------------------------------+---------------------+----------------+-----------------------------+-----------------------------+---------------------------+---------------------------+----------+-----------+-----------------+-----------------------+-----------------------+---------------------+
| None             | util_test       | trg           | INSERT              | None                  | util_test            | t1                  | 0             | None              | INSERT INTO util_test.t2 VALUES('Test objects count')  | ROW                 | AFTER          | None                        | None                        | OLD                       | NEW                       | None     |           | root@localhost  | latin1                | latin1_swedish_ci     | latin1_swedish_ci   |
+------------------+-----------------+---------------+---------------------+-----------------------+----------------------+---------------------+---------------+-------------------+--------------------------------------------------------+---------------------+----------------+-----------------------------+-----------------------------+---------------------------+---------------------------+----------+-----------+-----------------+-----------------------+-----------------------+---------------------+
# PROCEDURES in util_test:
+------------+-------+------------+----------------+-----------+------------------+-------------------+----------------+--------------+----------+-----------------------------------------+-----------------+----------------------+----------------------+-----------+----------+-----------------------+-----------------------+--------------------+-----------------------------------------+
| DB         | NAME  | TYPE       | SPECIFIC_NAME  | LANGUAGE  | SQL_DATA_ACCESS  | IS_DETERMINISTIC  | SECURITY_TYPE  | PARAM_LIST   | RETURNS  | BODY                                    | DEFINER         | CREATED              | MODIFIED             | SQL_MODE  | COMMENT  | CHARACTER_SET_CLIENT  | COLLATION_CONNECTION  | DB_COLLATION       | BODY_UTF8                               |
+------------+-------+------------+----------------+-----------+------------------+-------------------+----------------+--------------+----------+-----------------------------------------+-----------------+----------------------+----------------------+-----------+----------+-----------------------+-----------------------+--------------------+-----------------------------------------+
| util_test  | p1    | PROCEDURE  | p1             | SQL       | CONTAINS_SQL     | NO                | DEFINER        | p1 CHAR(20)  |          | INSERT INTO util_test.t1 VALUES ("50")  | root@localhost  | XXXX-XX-XX XX:XX:XX  | XXXX-XX-XX XX:XX:XX  |           |          | latin1                | latin1_swedish_ci     | latin1_swedish_ci  | INSERT INTO util_test.t1 VALUES ("50")  |
+------------+-------+------------+----------------+-----------+------------------+-------------------+----------------+--------------+----------+-----------------------------------------+-----------------+----------------------+----------------------+-----------+----------+-----------------------+-----------------------+--------------------+-----------------------------------------+
# FUNCTIONS in util_test:
+------------+-------+-----------+----------------+-----------+------------------+-------------------+----------------+-------------+----------+--------------------+-----------------+----------------------+----------------------+-----------+----------+-----------------------+-----------------------+--------------------+--------------------+
| DB         | NAME  | TYPE      | SPECIFIC_NAME  | LANGUAGE  | SQL_DATA_ACCESS  | IS_DETERMINISTIC  | SECURITY_TYPE  | PARAM_LIST  | RETURNS  | BODY               | DEFINER         | CREATED              | MODIFIED             | SQL_MODE  | COMMENT  | CHARACTER_SET_CLIENT  | COLLATION_CONNECTION  | DB_COLLATION       | BODY_UTF8          |
+------------+-------+-----------+----------------+-----------+------------------+-------------------+----------------+-------------+----------+--------------------+-----------------+----------------------+----------------------+-----------+----------+-----------------------+-----------------------+--------------------+--------------------+
| util_test  | f1    | FUNCTION  | f1             | SQL       | CONTAINS_SQL     | YES               | DEFINER        |             | int(11)  | RETURN (SELECT 1)  | root@localhost  | XXXX-XX-XX XX:XX:XX  | XXXX-XX-XX XX:XX:XX  |           |          | latin1                | latin1_swedish_ci     | latin1_swedish_ci  | RETURN (SELECT 1)  |
+------------+-------+-----------+----------------+-----------+------------------+-------------------+----------------+-------------+----------+--------------------+-----------------+----------------------+----------------------+-----------+----------+-----------------------+-----------------------+--------------------+--------------------+
# EVENTS in util_test:
+------------+-------+-------------------------------------------------+-----------------+-------------+-----------------+-----------------+----------------------+----------------------+----------------+----------------------+-------+-----------+----------------+-----------+----------+-------------+------------+-----------------------+-----------------------+--------------------+-------------------------------------------------+
| DB         | NAME  | BODY                                            | DEFINER         | EXECUTE_AT  | INTERVAL_VALUE  | INTERVAL_FIELD  | CREATED              | MODIFIED             | LAST_EXECUTED  | STARTS               | ENDS  | STATUS    | ON_COMPLETION  | SQL_MODE  | COMMENT  | ORIGINATOR  | TIME_ZONE  | CHARACTER_SET_CLIENT  | COLLATION_CONNECTION  | DB_COLLATION       | BODY_UTF8                                       |
+------------+-------+-------------------------------------------------+-----------------+-------------+-----------------+-----------------+----------------------+----------------------+----------------+----------------------+-------+-----------+----------------+-----------+----------+-------------+------------+-----------------------+-----------------------+--------------------+-------------------------------------------------+
| util_test  | e1    | DELETE FROM util_test.t1 WHERE a = "not there"  | root@localhost  | None        | 1               | YEAR            | XXXX-XX-XX XX:XX:XX  | XXXX-XX-XX XX:XX:XX  | None           | XXXX-XX-XX XX:XX:XX  | None  | DISABLED  | DROP           |           |          | X           | SYSTEM     | latin1                | latin1_swedish_ci     | latin1_swedish_ci  | DELETE FROM util_test.t1 WHERE a = "not there"  |
+------------+-------+-------------------------------------------------+-----------------+-------------+-----------------+-----------------+----------------------+----------------------+----------------+----------------------+-------+-----------+----------------+-----------+----------+-------------+------------+-----------------------+-----------------------+--------------------+-------------------------------------------------+
# GRANTS in util_test:
+---------------+--------------------------+---------------+-------------+--------------+---------------+
| GRANTEE       | PRIVILEGE_TYPE           | TABLE_SCHEMA  | TABLE_NAME  | COLUMN_NAME  | ROUTINE_NAME  |
+---------------+--------------------------+---------------+-------------+--------------+---------------+
| 'joe'@'user'  | ALTER                    | util_test     | None        | None         | None          |
| 'joe'@'user'  | ALTER ROUTINE            | util_test     | None        | None         | None          |
| 'joe'@'user'  | CREATE                   | util_test     | None        | None         | None          |
| 'joe'@'user'  | CREATE ROUTINE           | util_test     | None        | None         | None          |
| 'joe'@'user'  | CREATE TEMPORARY TABLES  | util_test     | None        | None         | None          |
| 'joe'@'user'  | CREATE VIEW              | util_test     | None        | None         | None          |
| 'joe'@'user'  | DELETE                   | util_test     | None        | None         | None          |
| 'joe'@'user'  | DROP                     | util_test     | None        | None         | None          |
| 'joe'@'user'  | EVENT                    | util_test     | None        | None         | None          |
| 'joe'@'user'  | EXECUTE                  | util_test     | None        | None         | None          |
| 'joe'@'user'  | INDEX                    | util_test     | None        | None         | None          |
| 'joe'@'user'  | INSERT                   | util_test     | None        | None         | None          |
| 'joe'@'user'  | LOCK TABLES              | util_test     | None        | None         | None          |
| 'joe'@'user'  | REFERENCES               | util_test     | None        | None         | None          |
| 'joe'@'user'  | SELECT                   | util_test     | None        | None         | None          |
| 'joe'@'user'  | SHOW VIEW                | util_test     | None        | None         | None          |
| 'joe'@'user'  | TRIGGER                  | util_test     | None        | None         | None          |
| 'joe'@'user'  | UPDATE                   | util_test     | None        | None         | None          |
+---------------+--------------------------+---------------+-------------+--------------+---------------+
#...done.
Test case 30 - GRID format with NAMES display
# Source on localhost: ... connected.
# Exporting metadata from util_test
# TABLES in util_test:
+-------------+
| TABLE_NAME  |
+-------------+
| t1          |
| t2          |
| t3          |
| t4          |
+-------------+
# VIEWS in util_test:
+-------------+
| TABLE_NAME  |
+-------------+
| v1          |
+-------------+
# TRIGGERS in util_test:
+---------------+
| TRIGGER_NAME  |
+---------------+
| trg           |
+---------------+
# PROCEDURES in util_test:
+-------+
| NAME  |
+-------+
| p1    |
+-------+
# FUNCTIONS in util_test:
+-------+
| NAME  |
+-------+
| f1    |
+-------+
# EVENTS in util_test:
+-------+
| NAME  |
+-------+
| e1    |
+-------+
# GRANTS in util_test:
+---------------+--------------------------+---------------+-------------+--------------+---------------+
| GRANTEE       | PRIVILEGE_TYPE           | TABLE_SCHEMA  | TABLE_NAME  | COLUMN_NAME  | ROUTINE_NAME  |
+---------------+--------------------------+---------------+-------------+--------------+---------------+
| 'joe'@'user'  | ALTER                    | util_test     | None        | None         | None          |
| 'joe'@'user'  | ALTER ROUTINE            | util_test     | None        | None         | None          |
| 'joe'@'user'  | CREATE                   | util_test     | None        | None         | None          |
| 'joe'@'user'  | CREATE ROUTINE           | util_test     | None        | None         | None          |
| 'joe'@'user'  | CREATE TEMPORARY TABLES  | util_test     | None        | None         | None          |
| 'joe'@'user'  | CREATE VIEW              | util_test     | None        | None         | None          |
| 'joe'@'user'  | DELETE                   | util_test     | None        | None         | None          |
| 'joe'@'user'  | DROP                     | util_test     | None        | None         | None          |
| 'joe'@'user'  | EVENT                    | util_test     | None        | None         | None          |
| 'joe'@'user'  | EXECUTE                  | util_test     | None        | None         | None          |
| 'joe'@'user'  | INDEX                    | util_test     | None        | None         | None          |
| 'joe'@'user'  | INSERT                   | util_test     | None        | None         | None          |
| 'joe'@'user'  | LOCK TABLES              | util_test     | None        | None         | None          |
| 'joe'@'user'  | REFERENCES               | util_test     | None        | None         | None          |
| 'joe'@'user'  | SELECT                   | util_test     | None        | None         | None          |
| 'joe'@'user'  | SHOW VIEW                | util_test     | None        | None         | None          |
| 'joe'@'user'  | TRIGGER                  | util_test     | None        | None         | None          |
| 'joe'@'user'  | UPDATE                   | util_test     | None        | None         | None          |
+---------------+--------------------------+---------------+-------------+--------------+---------------+
#...done.
Test case 31 - CSV format with BRIEF display
# Source on localhost: ... connected.
# Exporting metadata from util_test
# TABLES in util_test:
TABLE_SCHEMA,TABLE_NAME,ENGINE,ORDINAL_POSITION,COLUMN_NAME,COLUMN_TYPE,IS_NULLABLE,COLUMN_DEFAULT,COLUMN_KEY,TABLE_COLLATION,CREATE_OPTIONS,CONSTRAINT_NAME,REFERENCED_TABLE_NAME,UNIQUE_CONSTRAINT_NAME,UPDATE_RULE,DELETE_RULE,CONSTRAINT_NAME,COL_NAME,REFERENCED_TABLE_SCHEMA,REFERENCED_COLUMN_NAME
`util_test`,`t1`,MEMORY,1,`a`,char(30),YES,,,latin1_swedish_ci,,,,,,,,,,
`util_test`,`t2`,MyISAM,1,`a`,char(30),YES,,,latin1_swedish_ci,,,,,,,,,,
`util_test`,`t3`,InnoDB,1,`a`,int(11),NO,,PRI,latin1_swedish_ci,,,,,,,`PRIMARY`,`a`,,
`util_test`,`t3`,InnoDB,2,`b`,char(30),YES,,,latin1_swedish_ci,,,,,,,`PRIMARY`,`a`,,
`util_test`,`t4`,InnoDB,1,`c`,int(11),NO,,MUL,latin1_swedish_ci,,`ref_t3`,`t3`,`PRIMARY`,RESTRICT,RESTRICT,`ref_t3`,`c`,`util_test`,`a`
`util_test`,`t4`,InnoDB,2,`d`,int(11),NO,,,latin1_swedish_ci,,`ref_t3`,`t3`,`PRIMARY`,RESTRICT,RESTRICT,`ref_t3`,`c`,`util_test`,`a`
# VIEWS in util_test:
TABLE_SCHEMA,TABLE_NAME,DEFINER,SECURITY_TYPE,VIEW_DEFINITION,CHECK_OPTION,IS_UPDATABLE,CHARACTER_SET_CLIENT,COLLATION_CONNECTION
`util_test`,`v1`,root@localhost,DEFINER,select `util_test`.`t1`.`a` AS `a` from `util_test`.`t1`,NONE,YES,latin1,latin1_swedish_ci
# TRIGGERS in util_test:
TRIGGER_NAME,DEFINER,EVENT_MANIPULATION,EVENT_OBJECT_SCHEMA,EVENT_OBJECT_TABLE,ACTION_ORIENTATION,ACTION_TIMING,ACTION_STATEMENT,SQL_MODE,CHARACTER_SET_CLIENT,COLLATION_CONNECTION,DATABASE_COLLATION
`trg`,root@localhost,INSERT,`util_test`,`t1`,ROW,AFTER,INSERT INTO util_test.t2 VALUES('Test objects count'),,latin1,latin1_swedish_ci,latin1_swedish_ci
# PROCEDURES in util_test:
NAME,LANGUAGE,SQL_DATA_ACCESS,IS_DETERMINISTIC,SECURITY_TYPE,DEFINER,PARAM_LIST,RETURNS,BODY,SQL_MODE,CHARACTER_SET_CLIENT,COLLATION_CONNECTION,DB_COLLATION
`p1`,SQL,CONTAINS_SQL,NO,DEFINER,root@localhost,p1 CHAR(20),,"INSERT INTO util_test.t1 VALUES (""50"")",,latin1,latin1_swedish_ci,latin1_swedish_ci
# FUNCTIONS in util_test:
NAME,LANGUAGE,SQL_DATA_ACCESS,IS_DETERMINISTIC,SECURITY_TYPE,DEFINER,PARAM_LIST,RETURNS,BODY,SQL_MODE,CHARACTER_SET_CLIENT,COLLATION_CONNECTION,DB_COLLATION
`f1`,SQL,CONTAINS_SQL,YES,DEFINER,root@localhost,,int(11),RETURN (SELECT 1),,latin1,latin1_swedish_ci,latin1_swedish_ci
# EVENTS in util_test:
NAME,DEFINER,BODY,STATUS,EXECUTE_AT,INTERVAL_VALUE,INTERVAL_FIELD,SQL_MODE,STARTS,ENDS,STATUS,ON_COMPLETION,ORIGINATOR,CHARACTER_SET_CLIENT,COLLATION_CONNECTION,DB_COLLATION
`e1`,root@localhost,"DELETE FROM util_test.t1 WHERE a = ""not there""",DISABLED,XXXX-XX-XX XX:XX:XX,1,YEAR,,XXXX-XX-XX XX:XX:XX,XXXX-XX-XX XX:XX:XX,DISABLED,DROP,XX,latin1,latin1_swedish_ci,latin1_swedish_ci
# GRANTS in util_test:
GRANTEE,PRIVILEGE_TYPE,TABLE_SCHEMA,TABLE_NAME,COLUMN_NAME,ROUTINE_NAME
'joe'@'user',ALTER,util_test,,,
'joe'@'user',ALTER ROUTINE,util_test,,,
'joe'@'user',CREATE,util_test,,,
'joe'@'user',CREATE ROUTINE,util_test,,,
'joe'@'user',CREATE TEMPORARY TABLES,util_test,,,
'joe'@'user',CREATE VIEW,util_test,,,
'joe'@'user',DELETE,util_test,,,
'joe'@'user',DROP,util_test,,,
'joe'@'user',EVENT,util_test,,,
'joe'@'user',EXECUTE,util_test,,,
'joe'@'user',INDEX,util_test,,,
'joe'@'user',INSERT,util_test,,,
'joe'@'user',LOCK TABLES,util_test,,,
'joe'@'user',REFERENCES,util_test,,,
'joe'@'user',SELECT,util_test,,,
'joe'@'user',SHOW VIEW,util_test,,,
'joe'@'user',TRIGGER,util_test,,,
'joe'@'user',UPDATE,util_test,,,
#...done.
Test case 32 - CSV format with FULL display
# Source on localhost: ... connected.
# Exporting metadata from util_test
# TABLES in util_test:
TABLE_CATALOG,TABLE_SCHEMA,TABLE_NAME,TABLE_TYPE,ENGINE,VERSION,ROW_FORMAT,TABLE_ROWS,AVG_ROW_LENGTH,DATA_LENGTH,MAX_DATA_LENGTH,INDEX_LENGTH,DATA_FREE,AUTO_INCREMENT,CREATE_TIME,UPDATE_TIME,CHECK_TIME,TABLE_COLLATION,CHECKSUM,CREATE_OPTIONS,TABLE_COMMENT,ORDINAL_POSITION,COLUMN_NAME,COLUMN_TYPE,IS_NULLABLE,COLUMN_DEFAULT,COLUMN_KEY,CONSTRAINT_NAME,REFERENCED_TABLE_NAME,UNIQUE_CONSTRAINT_NAME,UNIQUE_CONSTRAINT_SCHEMA,UPDATE_RULE,DELETE_RULE,CONSTRAINT_NAME,COL_NAME,REFERENCED_TABLE_SCHEMA,REFERENCED_COLUMN_NAME
,`util_test`,`t1`,BASE TABLE,MEMORY,10,Fixed,7,31,XXXXXXXXXX,XXXXXXXXXX,0,XXXXXXXXXX,,XXXX-XX-XX XX:XX:XX,XXXX-XX-XX XX:XX:XX,,latin1_swedish_ci,,,,1,`a`,char(30),YES,,,,,,,,,,,,
,`util_test`,`t2`,BASE TABLE,MyISAM,10,Fixed,3,31,XXXXXXXXXX,XXXXXXXXXX,1024,XXXXXXXXXX,,XXXX-XX-XX XX:XX:XX,XXXX-XX-XX XX:XX:XX,,latin1_swedish_ci,,,,1,`a`,char(30),YES,,,,,,,,,,,,
,`util_test`,`t3`,BASE TABLE,InnoDB,10,Compact,3,5461,XXXXXXXXXX,XXXXXXXXXX,0,XXXXXXXXXX,4,XXXX-XX-XX XX:XX:XX,XXXX-XX-XX XX:XX:XX,,latin1_swedish_ci,,,,1,`a`,int(11),NO,,PRI,,,,,,,`PRIMARY`,`a`,,
,`util_test`,`t3`,BASE TABLE,InnoDB,10,Compact,3,5461,XXXXXXXXXX,XXXXXXXXXX,0,XXXXXXXXXX,4,XXXX-XX-XX XX:XX:XX,XXXX-XX-XX XX:XX:XX,,latin1_swedish_ci,,,,2,`b`,char(30),YES,,,,,,,,,`PRIMARY`,`a`,,
,`util_test`,`t4`,BASE TABLE,InnoDB,10,Compact,1,16384,XXXXXXXXXX,XXXXXXXXXX,16384,XXXXXXXXXX,,XXXX-XX-XX XX:XX:XX,XXXX-XX-XX XX:XX:XX,,latin1_swedish_ci,,,,1,`c`,int(11),NO,,MUL,`ref_t3`,`t3`,`PRIMARY`,`util_test`,RESTRICT,RESTRICT,`ref_t3`,`c`,`util_test`,`a`
,`util_test`,`t4`,BASE TABLE,InnoDB,10,Compact,1,16384,XXXXXXXXXX,XXXXXXXXXX,16384,XXXXXXXXXX,,XXXX-XX-XX XX:XX:XX,XXXX-XX-XX XX:XX:XX,,latin1_swedish_ci,,,,2,`d`,int(11),NO,,,`ref_t3`,`t3`,`PRIMARY`,`util_test`,RESTRICT,RESTRICT,`ref_t3`,`c`,`util_test`,`a`
# VIEWS in util_test:
TABLE_CATALOG,TABLE_SCHEMA,TABLE_NAME,VIEW_DEFINITION,CHECK_OPTION,IS_UPDATABLE,DEFINER,SECURITY_TYPE,CHARACTER_SET_CLIENT,COLLATION_CONNECTION
,`util_test`,`v1`,select `util_test`.`t1`.`a` AS `a` from `util_test`.`t1`,NONE,YES,root@localhost,DEFINER,latin1,latin1_swedish_ci
# TRIGGERS in util_test:
TRIGGER_CATALOG,TRIGGER_SCHEMA,TRIGGER_NAME,EVENT_MANIPULATION,EVENT_OBJECT_CATALOG,EVENT_OBJECT_SCHEMA,EVENT_OBJECT_TABLE,ACTION_ORDER,ACTION_CONDITION,ACTION_STATEMENT,ACTION_ORIENTATION,ACTION_TIMING,ACTION_REFERENCE_OLD_TABLE,ACTION_REFERENCE_NEW_TABLE,ACTION_REFERENCE_OLD_ROW,ACTION_REFERENCE_NEW_ROW,CREATED,SQL_MODE,DEFINER,CHARACTER_SET_CLIENT,COLLATION_CONNECTION,DATABASE_COLLATION
,`util_test`,`trg`,INSERT,,`util_test`,`t1`,0,,XXXXXXXXXX,XXXXXXXXXX,AFTER,XXXXXXXXXX,,XXXX-XX-XX XX:XX:XX,XXXX-XX-XX XX:XX:XX,,,root@localhost,latin1,latin1_swedish_ci,latin1_swedish_ci
# PROCEDURES in util_test:
DB,NAME,TYPE,SPECIFIC_NAME,LANGUAGE,SQL_DATA_ACCESS,IS_DETERMINISTIC,SECURITY_TYPE,PARAM_LIST,RETURNS,BODY,DEFINER,CREATED,MODIFIED,SQL_MODE,COMMENT,CHARACTER_SET_CLIENT,COLLATION_CONNECTION,DB_COLLATION,BODY_UTF8
`util_test`,`p1`,PROCEDURE,`p1`,SQL,CONTAINS_SQL,NO,DEFINER,p1 CHAR(20),,"INSERT INTO util_test.t1 VALUES (""50"")",root@localhost,XXXX-XX-XX XX:XX:XX,XXXX-XX-XX XX:XX:XX,,,latin1,latin1_swedish_ci,latin1_swedish_ci,"INSERT INTO util_test.t1 VALUES (""50"")"
# FUNCTIONS in util_test:
DB,NAME,TYPE,SPECIFIC_NAME,LANGUAGE,SQL_DATA_ACCESS,IS_DETERMINISTIC,SECURITY_TYPE,PARAM_LIST,RETURNS,BODY,DEFINER,CREATED,MODIFIED,SQL_MODE,COMMENT,CHARACTER_SET_CLIENT,COLLATION_CONNECTION,DB_COLLATION,BODY_UTF8
`util_test`,`f1`,FUNCTION,`f1`,SQL,CONTAINS_SQL,YES,DEFINER,,int(11),RETURN (SELECT 1),root@localhost,XXXX-XX-XX XX:XX:XX,XXXX-XX-XX XX:XX:XX,,,latin1,latin1_swedish_ci,latin1_swedish_ci,RETURN (SELECT 1)
# EVENTS in util_test:
DB,NAME,BODY,DEFINER,EXECUTE_AT,INTERVAL_VALUE,INTERVAL_FIELD,CREATED,MODIFIED,LAST_EXECUTED,STARTS,ENDS,STATUS,ON_COMPLETION,SQL_MODE,COMMENT,ORIGINATOR,TIME_ZONE,CHARACTER_SET_CLIENT,COLLATION_CONNECTION,DB_COLLATION,BODY_UTF8
`util_test`,`e1`,"DELETE FROM util_test.t1 WHERE a = ""not there""",root@localhost,,1,YEAR,XXXX-XX-XX XX:XX:XX,XXXX-XX-XX XX:XX:XX,,XXXX-XX-XX XX:XX:XX,,DISABLED,DROP,,,XX,SYSTEM,latin1,latin1_swedish_ci,latin1_swedish_ci,"DELETE FROM util_test.t1 WHERE a = ""not there"""
# GRANTS in util_test:
GRANTEE,PRIVILEGE_TYPE,TABLE_SCHEMA,TABLE_NAME,COLUMN_NAME,ROUTINE_NAME
'joe'@'user',ALTER,util_test,,,
'joe'@'user',ALTER ROUTINE,util_test,,,
'joe'@'user',CREATE,util_test,,,
'joe'@'user',CREATE ROUTINE,util_test,,,
'joe'@'user',CREATE TEMPORARY TABLES,util_test,,,
'joe'@'user',CREATE VIEW,util_test,,,
'joe'@'user',DELETE,util_test,,,
'joe'@'user',DROP,util_test,,,
'joe'@'user',EVENT,util_test,,,
'joe'@'user',EXECUTE,util_test,,,
'joe'@'user',INDEX,util_test,,,
'joe'@'user',INSERT,util_test,,,
'joe'@'user',LOCK TABLES,util_test,,,
'joe'@'user',REFERENCES,util_test,,,
'joe'@'user',SELECT,util_test,,,
'joe'@'user',SHOW VIEW,util_test,,,
'joe'@'user',TRIGGER,util_test,,,
'joe'@'user',UPDATE,util_test,,,
#...done.
Test case 33 - CSV format with NAMES display
# Source on localhost: ... connected.
# Exporting metadata from util_test
# TABLES in util_test:
TABLE_NAME
`t1`
`t2`
`t3`
`t4`
# VIEWS in util_test:
TABLE_NAME
`v1`
# TRIGGERS in util_test:
TRIGGER_NAME
`trg`
# PROCEDURES in util_test:
NAME
`p1`
# FUNCTIONS in util_test:
NAME
`f1`
# EVENTS in util_test:
NAME
`e1`
# GRANTS in util_test:
GRANTEE,PRIVILEGE_TYPE,TABLE_SCHEMA,TABLE_NAME,COLUMN_NAME,ROUTINE_NAME
'joe'@'user',ALTER,util_test,,,
'joe'@'user',ALTER ROUTINE,util_test,,,
'joe'@'user',CREATE,util_test,,,
'joe'@'user',CREATE ROUTINE,util_test,,,
'joe'@'user',CREATE TEMPORARY TABLES,util_test,,,
'joe'@'user',CREATE VIEW,util_test,,,
'joe'@'user',DELETE,util_test,,,
'joe'@'user',DROP,util_test,,,
'joe'@'user',EVENT,util_test,,,
'joe'@'user',EXECUTE,util_test,,,
'joe'@'user',INDEX,util_test,,,
'joe'@'user',INSERT,util_test,,,
'joe'@'user',LOCK TABLES,util_test,,,
'joe'@'user',REFERENCES,util_test,,,
'joe'@'user',SELECT,util_test,,,
'joe'@'user',SHOW VIEW,util_test,,,
'joe'@'user',TRIGGER,util_test,,,
'joe'@'user',UPDATE,util_test,,,
#...done.
Test case 34 - TAB format with BRIEF display
# Source on localhost: ... connected.
# Exporting metadata from util_test
# TABLES in util_test:
TABLE_SCHEMA	TABLE_NAME	ENGINE	ORDINAL_POSITION	COLUMN_NAME	COLUMN_TYPE	IS_NULLABLE	COLUMN_DEFAULT	COLUMN_KEY	TABLE_COLLATION	CREATE_OPTIONS	CONSTRAINT_NAME	REFERENCED_TABLE_NAME	UNIQUE_CONSTRAINT_NAME	UPDATE_RULE	DELETE_RULE	CONSTRAINT_NAME	COL_NAME	REFERENCED_TABLE_SCHEMA	REFERENCED_COLUMN_NAME
`util_test`	`t1`	MEMORY	1	`a`	char(30)	YES			latin1_swedish_ci										
`util_test`	`t2`	MyISAM	1	`a`	char(30)	YES			latin1_swedish_ci										
`util_test`	`t3`	InnoDB	1	`a`	int(11)	NO		PRI	latin1_swedish_ci							`PRIMARY`	`a`		
`util_test`	`t3`	InnoDB	2	`b`	char(30)	YES			latin1_swedish_ci							`PRIMARY`	`a`		
`util_test`	`t4`	InnoDB	1	`c`	int(11)	NO		MUL	latin1_swedish_ci		`ref_t3`	`t3`	`PRIMARY`	RESTRICT	RESTRICT	`ref_t3`	`c`	`util_test`	`a`
`util_test`	`t4`	InnoDB	2	`d`	int(11)	NO			latin1_swedish_ci		`ref_t3`	`t3`	`PRIMARY`	RESTRICT	RESTRICT	`ref_t3`	`c`	`util_test`	`a`
# VIEWS in util_test:
TABLE_SCHEMA	TABLE_NAME	DEFINER	SECURITY_TYPE	VIEW_DEFINITION	CHECK_OPTION	IS_UPDATABLE	CHARACTER_SET_CLIENT	COLLATION_CONNECTION
`util_test`	`v1`	root@localhost	DEFINER	select `util_test`.`t1`.`a` AS `a` from `util_test`.`t1`	NONE	YES	latin1	latin1_swedish_ci
# TRIGGERS in util_test:
TRIGGER_NAME	DEFINER	EVENT_MANIPULATION	EVENT_OBJECT_SCHEMA	EVENT_OBJECT_TABLE	ACTION_ORIENTATION	ACTION_TIMING	ACTION_STATEMENT	SQL_MODE	CHARACTER_SET_CLIENT	COLLATION_CONNECTION	DATABASE_COLLATION
`trg`	root@localhost	INSERT	`util_test`	`t1`	ROW	AFTER	INSERT INTO util_test.t2 VALUES('Test objects count')		latin1	latin1_swedish_ci	latin1_swedish_ci
# PROCEDURES in util_test:
NAME	LANGUAGE	SQL_DATA_ACCESS	IS_DETERMINISTIC	SECURITY_TYPE	DEFINER	PARAM_LIST	RETURNS	BODY	SQL_MODE	CHARACTER_SET_CLIENT	COLLATION_CONNECTION	DB_COLLATION
`p1`	SQL	CONTAINS_SQL	NO	DEFINER	root@localhost	p1 CHAR(20)		"INSERT INTO util_test.t1 VALUES (""50"")"		latin1	latin1_swedish_ci	latin1_swedish_ci
# FUNCTIONS in util_test:
NAME	LANGUAGE	SQL_DATA_ACCESS	IS_DETERMINISTIC	SECURITY_TYPE	DEFINER	PARAM_LIST	RETURNS	BODY	SQL_MODE	CHARACTER_SET_CLIENT	COLLATION_CONNECTION	DB_COLLATION
`f1`	SQL	CONTAINS_SQL	YES	DEFINER	root@localhost		int(11)	RETURN (SELECT 1)		latin1	latin1_swedish_ci	latin1_swedish_ci
# EVENTS in util_test:
NAME	DEFINER	BODY	STATUS	EXECUTE_AT	INTERVAL_VALUE	INTERVAL_FIELD	SQL_MODE	STARTS	ENDS	STATUS	ON_COMPLETION	ORIGINATOR	CHARACTER_SET_CLIENT	COLLATION_CONNECTION	DB_COLLATION
`e1`	root@localhost	"DELETE FROM util_test.t1 WHERE a = ""not there"""	DISABLED	XXXX-XX-XX XX:XX:XX	1	YEAR		XXXX-XX-XX XX:XX:XX	XXXX-XX-XX XX:XX:XX	DISABLED	DROP	XX	latin1	latin1_swedish_ci	latin1_swedish_ci
# GRANTS in util_test:
GRANTEE	PRIVILEGE_TYPE	TABLE_SCHEMA	TABLE_NAME	COLUMN_NAME	ROUTINE_NAME
'joe'@'user'	ALTER	util_test			
'joe'@'user'	ALTER ROUTINE	util_test			
'joe'@'user'	CREATE	util_test			
'joe'@'user'	CREATE ROUTINE	util_test			
'joe'@'user'	CREATE TEMPORARY TABLES	util_test			
'joe'@'user'	CREATE VIEW	util_test			
'joe'@'user'	DELETE	util_test			
'joe'@'user'	DROP	util_test			
'joe'@'user'	EVENT	util_test			
'joe'@'user'	EXECUTE	util_test			
'joe'@'user'	INDEX	util_test			
'joe'@'user'	INSERT	util_test			
'joe'@'user'	LOCK TABLES	util_test			
'joe'@'user'	REFERENCES	util_test			
'joe'@'user'	SELECT	util_test			
'joe'@'user'	SHOW VIEW	util_test			
'joe'@'user'	TRIGGER	util_test			
'joe'@'user'	UPDATE	util_test			
#...done.
Test case 35 - TAB format with FULL display
# Source on localhost: ... connected.
# Exporting metadata from util_test
# TABLES in util_test:
TABLE_CATALOG	TABLE_SCHEMA	TABLE_NAME	TABLE_TYPE	ENGINE	VERSION	ROW_FORMAT	TABLE_ROWS	AVG_ROW_LENGTH	DATA_LENGTH	MAX_DATA_LENGTH	INDEX_LENGTH	DATA_FREE	AUTO_INCREMENT	CREATE_TIME	UPDATE_TIME	CHECK_TIME	TABLE_COLLATION	CHECKSUM	CREATE_OPTIONS	TABLE_COMMENT	ORDINAL_POSITION	COLUMN_NAME	COLUMN_TYPE	IS_NULLABLE	COLUMN_DEFAULT	COLUMN_KEY	CONSTRAINT_NAME	REFERENCED_TABLE_NAME	UNIQUE_CONSTRAINT_NAME	UNIQUE_CONSTRAINT_SCHEMA	UPDATE_RULE	DELETE_RULE	CONSTRAINT_NAME	COL_NAME	REFERENCED_TABLE_SCHEMA	REFERENCED_COLUMN_NAME
	`util_test`	`t1`	BASE TABLE	MEMORY	10	Fixed	7	31	XXXXXX	XXXXXXXX	0	XX		XXXX-XX-XX XX:XX:XX	XXXX-XX-XX XX:XX:XX		latin1_swedish_ci				1	`a`	char(30)	YES												
	`util_test`	`t2`	BASE TABLE	MyISAM	10	Fixed	3	31	XXXXXX	XXXXXXXX	1024	XX		XXXX-XX-XX XX:XX:XX	XXXX-XX-XX XX:XX:XX		latin1_swedish_ci				1	`a`	char(30)	YES												
	`util_test`	`t3`	BASE TABLE	InnoDB	10	Compact	3	5461	XXXXXX	XXXXXXXX	0	XX	4	XXXX-XX-XX XX:XX:XX	XXXX-XX-XX XX:XX:XX		latin1_swedish_ci				1	`a`	int(11)	NO		PRI							`PRIMARY`	`a`		
	`util_test`	`t3`	BASE TABLE	InnoDB	10	Compact	3	5461	XXXXXX	XXXXXXXX	0	XX	4	XXXX-XX-XX XX:XX:XX	XXXX-XX-XX XX:XX:XX		latin1_swedish_ci				2	`b`	char(30)	YES									`PRIMARY`	`a`		
	`util_test`	`t4`	BASE TABLE	InnoDB	10	Compact	1	16384	XXXXXX	XXXXXXXX	16384	XX		XXXX-XX-XX XX:XX:XX	XXXX-XX-XX XX:XX:XX		latin1_swedish_ci				1	`c`	int(11)	NO		MUL	`ref_t3`	`t3`	`PRIMARY`	`util_test`	RESTRICT	RESTRICT	`ref_t3`	`c`	`util_test`	`a`
	`util_test`	`t4`	BASE TABLE	InnoDB	10	Compact	1	16384	XXXXXX	XXXXXXXX	16384	XX		XXXX-XX-XX XX:XX:XX	XXXX-XX-XX XX:XX:XX		latin1_swedish_ci				2	`d`	int(11)	NO			`ref_t3`	`t3`	`PRIMARY`	`util_test`	RESTRICT	RESTRICT	`ref_t3`	`c`	`util_test`	`a`
# VIEWS in util_test:
TABLE_CATALOG	TABLE_SCHEMA	TABLE_NAME	VIEW_DEFINITION	CHECK_OPTION	IS_UPDATABLE	DEFINER	SECURITY_TYPE	CHARACTER_SET_CLIENT	COLLATION_CONNECTION
	`util_test`	`v1`	select `util_test`.`t1`.`a` AS `a` from `util_test`.`t1`	NONE	YES	root@localhost	DEFINER	latin1	latin1_swedish_ci
# TRIGGERS in util_test:
TRIGGER_CATALOG	TRIGGER_SCHEMA	TRIGGER_NAME	EVENT_MANIPULATION	EVENT_OBJECT_CATALOG	EVENT_OBJECT_SCHEMA	EVENT_OBJECT_TABLE	ACTION_ORDER	ACTION_CONDITION	ACTION_STATEMENT	ACTION_ORIENTATION	ACTION_TIMING	ACTION_REFERENCE_OLD_TABLE	ACTION_REFERENCE_NEW_TABLE	ACTION_REFERENCE_OLD_ROW	ACTION_REFERENCE_NEW_ROW	CREATED	SQL_MODE	DEFINER	CHARACTER_SET_CLIENT	COLLATION_CONNECTION	DATABASE_COLLATION
	`util_test`	`trg`	INSERT		`util_test`	`t1`	0		XXXXXX	XXXXXXXX	AFTER	XX		XXXX-XX-XX XX:XX:XX	XXXX-XX-XX XX:XX:XX			root@localhost	latin1	latin1_swedish_ci	latin1_swedish_ci
# PROCEDURES in util_test:
DB	NAME	TYPE	SPECIFIC_NAME	LANGUAGE	SQL_DATA_ACCESS	IS_DETERMINISTIC	SECURITY_TYPE	PARAM_LIST	RETURNS	BODY	DEFINER	CREATED	MODIFIED	SQL_MODE	COMMENT	CHARACTER_SET_CLIENT	COLLATION_CONNECTION	DB_COLLATION	BODY_UTF8
`util_test`	`p1`	PROCEDURE	`p1`	SQL	CONTAINS_SQL	NO	DEFINER	p1 CHAR(20)		"INSERT INTO util_test.t1 VALUES (""50"")"	root@localhost	XXXX-XX-XX XX:XX:XX	XXXX-XX-XX XX:XX:XX			latin1	latin1_swedish_ci	latin1_swedish_ci	"INSERT INTO util_test.t1 VALUES (""50"")"
# FUNCTIONS in util_test:
DB	NAME	TYPE	SPECIFIC_NAME	LANGUAGE	SQL_DATA_ACCESS	IS_DETERMINISTIC	SECURITY_TYPE	PARAM_LIST	RETURNS	BODY	DEFINER	CREATED	MODIFIED	SQL_MODE	COMMENT	CHARACTER_SET_CLIENT	COLLATION_CONNECTION	DB_COLLATION	BODY_UTF8
`util_test`	`f1`	FUNCTION	`f1`	SQL	CONTAINS_SQL	YES	DEFINER		int(11)	RETURN (SELECT 1)	root@localhost	XXXX-XX-XX XX:XX:XX	XXXX-XX-XX XX:XX:XX			latin1	latin1_swedish_ci	latin1_swedish_ci	RETURN (SELECT 1)
# EVENTS in util_test:
DB	NAME	BODY	DEFINER	EXECUTE_AT	INTERVAL_VALUE	INTERVAL_FIELD	CREATED	MODIFIED	LAST_EXECUTED	STARTS	ENDS	STATUS	ON_COMPLETION	SQL_MODE	COMMENT	ORIGINATOR	TIME_ZONE	CHARACTER_SET_CLIENT	COLLATION_CONNECTION	DB_COLLATION	BODY_UTF8
`util_test`	`e1`	"DELETE FROM util_test.t1 WHERE a = ""not there"""	root@localhost		1	YEAR	XXXX-XX-XX XX:XX:XX	XXXX-XX-XX XX:XX:XX		XXXX-XX-XX XX:XX:XX		DISABLED	DROP			XX	SYSTEM	latin1	latin1_swedish_ci	latin1_swedish_ci	"DELETE FROM util_test.t1 WHERE a = ""not there"""
# GRANTS in util_test:
GRANTEE	PRIVILEGE_TYPE	TABLE_SCHEMA	TABLE_NAME	COLUMN_NAME	ROUTINE_NAME
'joe'@'user'	ALTER	util_test			
'joe'@'user'	ALTER ROUTINE	util_test			
'joe'@'user'	CREATE	util_test			
'joe'@'user'	CREATE ROUTINE	util_test			
'joe'@'user'	CREATE TEMPORARY TABLES	util_test			
'joe'@'user'	CREATE VIEW	util_test			
'joe'@'user'	DELETE	util_test			
'joe'@'user'	DROP	util_test			
'joe'@'user'	EVENT	util_test			
'joe'@'user'	EXECUTE	util_test			
'joe'@'user'	INDEX	util_test			
'joe'@'user'	INSERT	util_test			
'joe'@'user'	LOCK TABLES	util_test			
'joe'@'user'	REFERENCES	util_test			
'joe'@'user'	SELECT	util_test			
'joe'@'user'	SHOW VIEW	util_test			
'joe'@'user'	TRIGGER	util_test			
'joe'@'user'	UPDATE	util_test			
#...done.
Test case 36 - TAB format with NAMES display
# Source on localhost: ... connected.
# Exporting metadata from util_test
# TABLES in util_test:
TABLE_NAME
`t1`
`t2`
`t3`
`t4`
# VIEWS in util_test:
TABLE_NAME
`v1`
# TRIGGERS in util_test:
TRIGGER_NAME
`trg`
# PROCEDURES in util_test:
NAME
`p1`
# FUNCTIONS in util_test:
NAME
`f1`
# EVENTS in util_test:
NAME
`e1`
# GRANTS in util_test:
GRANTEE	PRIVILEGE_TYPE	TABLE_SCHEMA	TABLE_NAME	COLUMN_NAME	ROUTINE_NAME
'joe'@'user'	ALTER	util_test			
'joe'@'user'	ALTER ROUTINE	util_test			
'joe'@'user'	CREATE	util_test			
'joe'@'user'	CREATE ROUTINE	util_test			
'joe'@'user'	CREATE TEMPORARY TABLES	util_test			
'joe'@'user'	CREATE VIEW	util_test			
'joe'@'user'	DELETE	util_test			
'joe'@'user'	DROP	util_test			
'joe'@'user'	EVENT	util_test			
'joe'@'user'	EXECUTE	util_test			
'joe'@'user'	INDEX	util_test			
'joe'@'user'	INSERT	util_test			
'joe'@'user'	LOCK TABLES	util_test			
'joe'@'user'	REFERENCES	util_test			
'joe'@'user'	SELECT	util_test			
'joe'@'user'	SHOW VIEW	util_test			
'joe'@'user'	TRIGGER	util_test			
'joe'@'user'	UPDATE	util_test			
#...done.
Test case 37 - VERTICAL format with BRIEF display
# Source on localhost: ... connected.
# Exporting metadata from util_test
# TABLES in util_test:
*************************       1. row *************************
            TABLE_SCHEMA: util_test
              TABLE_NAME: t1
                  ENGINE: MEMORY
        ORDINAL_POSITION: 1
             COLUMN_NAME: a
             COLUMN_TYPE: char(30)
             IS_NULLABLE: YES
          COLUMN_DEFAULT: None
              COLUMN_KEY: 
         TABLE_COLLATION: latin1_swedish_ci
          CREATE_OPTIONS: 
         CONSTRAINT_NAME: None
   REFERENCED_TABLE_NAME: None
  UNIQUE_CONSTRAINT_NAME: None
             UPDATE_RULE: None
             DELETE_RULE: None
         CONSTRAINT_NAME: None
                COL_NAME: None
 REFERENCED_TABLE_SCHEMA: None
  REFERENCED_COLUMN_NAME: None
*************************       2. row *************************
            TABLE_SCHEMA: util_test
              TABLE_NAME: t2
                  ENGINE: MyISAM
        ORDINAL_POSITION: 1
             COLUMN_NAME: a
             COLUMN_TYPE: char(30)
             IS_NULLABLE: YES
          COLUMN_DEFAULT: None
              COLUMN_KEY: 
         TABLE_COLLATION: latin1_swedish_ci
          CREATE_OPTIONS: 
         CONSTRAINT_NAME: None
   REFERENCED_TABLE_NAME: None
  UNIQUE_CONSTRAINT_NAME: None
             UPDATE_RULE: None
             DELETE_RULE: None
         CONSTRAINT_NAME: None
                COL_NAME: None
 REFERENCED_TABLE_SCHEMA: None
  REFERENCED_COLUMN_NAME: None
*************************       3. row *************************
            TABLE_SCHEMA: util_test
              TABLE_NAME: t3
                  ENGINE: InnoDB
        ORDINAL_POSITION: 1
             COLUMN_NAME: a
             COLUMN_TYPE: int(11)
             IS_NULLABLE: NO
          COLUMN_DEFAULT: None
              COLUMN_KEY: PRI
         TABLE_COLLATION: latin1_swedish_ci
          CREATE_OPTIONS: 
         CONSTRAINT_NAME: None
   REFERENCED_TABLE_NAME: None
  UNIQUE_CONSTRAINT_NAME: None
             UPDATE_RULE: None
             DELETE_RULE: None
         CONSTRAINT_NAME: PRIMARY
                COL_NAME: a
 REFERENCED_TABLE_SCHEMA: None
  REFERENCED_COLUMN_NAME: None
*************************       4. row *************************
            TABLE_SCHEMA: util_test
              TABLE_NAME: t3
                  ENGINE: InnoDB
        ORDINAL_POSITION: 2
             COLUMN_NAME: b
             COLUMN_TYPE: char(30)
             IS_NULLABLE: YES
          COLUMN_DEFAULT: None
              COLUMN_KEY: 
         TABLE_COLLATION: latin1_swedish_ci
          CREATE_OPTIONS: 
         CONSTRAINT_NAME: None
   REFERENCED_TABLE_NAME: None
  UNIQUE_CONSTRAINT_NAME: None
             UPDATE_RULE: None
             DELETE_RULE: None
         CONSTRAINT_NAME: PRIMARY
                COL_NAME: a
 REFERENCED_TABLE_SCHEMA: None
  REFERENCED_COLUMN_NAME: None
*************************       5. row *************************
            TABLE_SCHEMA: util_test
              TABLE_NAME: t4
                  ENGINE: InnoDB
        ORDINAL_POSITION: 1
             COLUMN_NAME: c
             COLUMN_TYPE: int(11)
             IS_NULLABLE: NO
          COLUMN_DEFAULT: None
              COLUMN_KEY: MUL
         TABLE_COLLATION: latin1_swedish_ci
          CREATE_OPTIONS: 
         CONSTRAINT_NAME: ref_t3
   REFERENCED_TABLE_NAME: t3
  UNIQUE_CONSTRAINT_NAME: PRIMARY
             UPDATE_RULE: RESTRICT
             DELETE_RULE: RESTRICT
         CONSTRAINT_NAME: ref_t3
                COL_NAME: c
 REFERENCED_TABLE_SCHEMA: util_test
  REFERENCED_COLUMN_NAME: a
*************************       6. row *************************
            TABLE_SCHEMA: util_test
              TABLE_NAME: t4
                  ENGINE: InnoDB
        ORDINAL_POSITION: 2
             COLUMN_NAME: d
             COLUMN_TYPE: int(11)
             IS_NULLABLE: NO
          COLUMN_DEFAULT: None
              COLUMN_KEY: 
         TABLE_COLLATION: latin1_swedish_ci
          CREATE_OPTIONS: 
         CONSTRAINT_NAME: ref_t3
   REFERENCED_TABLE_NAME: t3
  UNIQUE_CONSTRAINT_NAME: PRIMARY
             UPDATE_RULE: RESTRICT
             DELETE_RULE: RESTRICT
         CONSTRAINT_NAME: ref_t3
                COL_NAME: c
 REFERENCED_TABLE_SCHEMA: util_test
  REFERENCED_COLUMN_NAME: a
6 rows.
# VIEWS in util_test:
*************************       1. row *************************
         TABLE_SCHEMA: util_test
           TABLE_NAME: v1
              DEFINER: root@localhost
        SECURITY_TYPE: DEFINER
      VIEW_DEFINITION: select `util_test`.`t1`.`a` AS `a` from `util_test`.`t1`
         CHECK_OPTION: NONE
         IS_UPDATABLE: YES
 CHARACTER_SET_CLIENT: latin1
 COLLATION_CONNECTION: latin1_swedish_ci
1 rows.
# TRIGGERS in util_test:
*************************       1. row *************************
         TRIGGER_NAME: trg
              DEFINER: root@localhost
   EVENT_MANIPULATION: INSERT
  EVENT_OBJECT_SCHEMA: util_test
   EVENT_OBJECT_TABLE: t1
   ACTION_ORIENTATION: ROW
        ACTION_TIMING: AFTER
     ACTION_STATEMENT: INSERT INTO util_test.t2 VALUES('Test objects count')
             SQL_MODE: 
 CHARACTER_SET_CLIENT: latin1
 COLLATION_CONNECTION: latin1_swedish_ci
   DATABASE_COLLATION: latin1_swedish_ci
1 rows.
# PROCEDURES in util_test:
*************************       1. row *************************
                 NAME: p1
             LANGUAGE: SQL
      SQL_DATA_ACCESS: CONTAINS_SQL
     IS_DETERMINISTIC: NO
        SECURITY_TYPE: DEFINER
              DEFINER: root@localhost
           PARAM_LIST: p1 CHAR(20)
              RETURNS: 
                 BODY: INSERT INTO util_test.t1 VALUES ("50")
             SQL_MODE: 
 CHARACTER_SET_CLIENT: latin1
 COLLATION_CONNECTION: latin1_swedish_ci
         DB_COLLATION: latin1_swedish_ci
1 rows.
# FUNCTIONS in util_test:
*************************       1. row *************************
                 NAME: f1
             LANGUAGE: SQL
      SQL_DATA_ACCESS: CONTAINS_SQL
     IS_DETERMINISTIC: YES
        SECURITY_TYPE: DEFINER
              DEFINER: root@localhost
           PARAM_LIST: 
              RETURNS: int(11)
                 BODY: RETURN (SELECT 1)
             SQL_MODE: 
 CHARACTER_SET_CLIENT: latin1
 COLLATION_CONNECTION: latin1_swedish_ci
         DB_COLLATION: latin1_swedish_ci
1 rows.
# EVENTS in util_test:
*************************       1. row *************************
                 NAME: e1
              DEFINER: root@localhost
                 BODY: DELETE FROM util_test.t1 WHERE a = "not there"
               STATUS: DISABLED
           EXECUTE_AT: None
       INTERVAL_VALUE: 1
       INTERVAL_FIELD: YEAR
             SQL_MODE: 
               STARTS: XXXX-XX-XX XX:XX:XX
                 ENDS: XXXX-XX-XX XX:XX:XX
               STATUS: DISABLED
        ON_COMPLETION: DROP
           ORIGINATOR: XX
 CHARACTER_SET_CLIENT: latin1
 COLLATION_CONNECTION: latin1_swedish_ci
         DB_COLLATION: latin1_swedish_ci
1 rows.
# GRANTS in util_test:
*************************       1. row *************************
        GRANTEE: 'joe'@'user'
 PRIVILEGE_TYPE: ALTER
   TABLE_SCHEMA: util_test
     TABLE_NAME: None
    COLUMN_NAME: None
   ROUTINE_NAME: None
*************************       2. row *************************
        GRANTEE: 'joe'@'user'
 PRIVILEGE_TYPE: ALTER ROUTINE
   TABLE_SCHEMA: util_test
     TABLE_NAME: None
    COLUMN_NAME: None
   ROUTINE_NAME: None
*************************       3. row *************************
        GRANTEE: 'joe'@'user'
 PRIVILEGE_TYPE: CREATE
   TABLE_SCHEMA: util_test
     TABLE_NAME: None
    COLUMN_NAME: None
   ROUTINE_NAME: None
*************************       4. row *************************
        GRANTEE: 'joe'@'user'
 PRIVILEGE_TYPE: CREATE ROUTINE
   TABLE_SCHEMA: util_test
     TABLE_NAME: None
    COLUMN_NAME: None
   ROUTINE_NAME: None
*************************       5. row *************************
        GRANTEE: 'joe'@'user'
 PRIVILEGE_TYPE: CREATE TEMPORARY TABLES
   TABLE_SCHEMA: util_test
     TABLE_NAME: None
    COLUMN_NAME: None
   ROUTINE_NAME: None
*************************       6. row *************************
        GRANTEE: 'joe'@'user'
 PRIVILEGE_TYPE: CREATE VIEW
   TABLE_SCHEMA: util_test
     TABLE_NAME: None
    COLUMN_NAME: None
   ROUTINE_NAME: None
*************************       7. row *************************
        GRANTEE: 'joe'@'user'
 PRIVILEGE_TYPE: DELETE
   TABLE_SCHEMA: util_test
     TABLE_NAME: None
    COLUMN_NAME: None
   ROUTINE_NAME: None
*************************       8. row *************************
        GRANTEE: 'joe'@'user'
 PRIVILEGE_TYPE: DROP
   TABLE_SCHEMA: util_test
     TABLE_NAME: None
    COLUMN_NAME: None
   ROUTINE_NAME: None
*************************       9. row *************************
        GRANTEE: 'joe'@'user'
 PRIVILEGE_TYPE: EVENT
   TABLE_SCHEMA: util_test
     TABLE_NAME: None
    COLUMN_NAME: None
   ROUTINE_NAME: None
*************************      10. row *************************
        GRANTEE: 'joe'@'user'
 PRIVILEGE_TYPE: EXECUTE
   TABLE_SCHEMA: util_test
     TABLE_NAME: None
    COLUMN_NAME: None
   ROUTINE_NAME: None
*************************      11. row *************************
        GRANTEE: 'joe'@'user'
 PRIVILEGE_TYPE: INDEX
   TABLE_SCHEMA: util_test
     TABLE_NAME: None
    COLUMN_NAME: None
   ROUTINE_NAME: None
*************************      12. row *************************
        GRANTEE: 'joe'@'user'
 PRIVILEGE_TYPE: INSERT
   TABLE_SCHEMA: util_test
     TABLE_NAME: None
    COLUMN_NAME: None
   ROUTINE_NAME: None
*************************      13. row *************************
        GRANTEE: 'joe'@'user'
 PRIVILEGE_TYPE: LOCK TABLES
   TABLE_SCHEMA: util_test
     TABLE_NAME: None
    COLUMN_NAME: None
   ROUTINE_NAME: None
*************************      14. row *************************
        GRANTEE: 'joe'@'user'
 PRIVILEGE_TYPE: REFERENCES
   TABLE_SCHEMA: util_test
     TABLE_NAME: None
    COLUMN_NAME: None
   ROUTINE_NAME: None
*************************      15. row *************************
        GRANTEE: 'joe'@'user'
 PRIVILEGE_TYPE: SELECT
   TABLE_SCHEMA: util_test
     TABLE_NAME: None
    COLUMN_NAME: None
   ROUTINE_NAME: None
*************************      16. row *************************
        GRANTEE: 'joe'@'user'
 PRIVILEGE_TYPE: SHOW VIEW
   TABLE_SCHEMA: util_test
     TABLE_NAME: None
    COLUMN_NAME: None
   ROUTINE_NAME: None
*************************      17. row *************************
        GRANTEE: 'joe'@'user'
 PRIVILEGE_TYPE: TRIGGER
   TABLE_SCHEMA: util_test
     TABLE_NAME: None
    COLUMN_NAME: None
   ROUTINE_NAME: None
*************************      18. row *************************
        GRANTEE: 'joe'@'user'
 PRIVILEGE_TYPE: UPDATE
   TABLE_SCHEMA: util_test
     TABLE_NAME: None
    COLUMN_NAME: None
   ROUTINE_NAME: None
18 rows.
#...done.
Test case 38 - VERTICAL format with FULL display
# Source on localhost: ... connected.
# Exporting metadata from util_test
# TABLES in util_test:
*************************       1. row *************************
            TABLE_CATALOG: None
             TABLE_SCHEMA: util_test
               TABLE_NAME: t1
               TABLE_TYPE: BASE TABLE
                   ENGINE: MEMORY
                  VERSION: 10
               ROW_FORMAT: Fixed
               TABLE_ROWS: 7
           AVG_ROW_LENGTH: XXXXXXX
              DATA_LENGTH: XXXXXXX
          MAX_DATA_LENGTH: XXXXXXX
             INDEX_LENGTH: XXXXXXX
                DATA_FREE: XXXXXXXXXXX
           AUTO_INCREMENT: None
              CREATE_TIME: XXXX-XX-XX XX:XX:XX
              UPDATE_TIME: XXXX-XX-XX XX:XX:XX
               CHECK_TIME: None
          TABLE_COLLATION: latin1_swedish_ci
                 CHECKSUM: None
           CREATE_OPTIONS: 
            TABLE_COMMENT: 
         ORDINAL_POSITION: 1
              COLUMN_NAME: a
              COLUMN_TYPE: char(30)
              IS_NULLABLE: YES
           COLUMN_DEFAULT: None
               COLUMN_KEY: 
          CONSTRAINT_NAME: None
    REFERENCED_TABLE_NAME: None
   UNIQUE_CONSTRAINT_NAME: None
 UNIQUE_CONSTRAINT_SCHEMA: None
              UPDATE_RULE: None
              DELETE_RULE: None
          CONSTRAINT_NAME: None
                 COL_NAME: None
  REFERENCED_TABLE_SCHEMA: None
   REFERENCED_COLUMN_NAME: None
*************************       2. row *************************
            TABLE_CATALOG: None
             TABLE_SCHEMA: util_test
               TABLE_NAME: t2
               TABLE_TYPE: BASE TABLE
                   ENGINE: MyISAM
                  VERSION: 10
               ROW_FORMAT: Fixed
               TABLE_ROWS: 3
           AVG_ROW_LENGTH: XXXXXXX
              DATA_LENGTH: XXXXXXX
          MAX_DATA_LENGTH: XXXXXXX
             INDEX_LENGTH: XXXXXXX
                DATA_FREE: XXXXXXXXXXX
           AUTO_INCREMENT: None
              CREATE_TIME: XXXX-XX-XX XX:XX:XX
              UPDATE_TIME: XXXX-XX-XX XX:XX:XX
               CHECK_TIME: None
          TABLE_COLLATION: latin1_swedish_ci
                 CHECKSUM: None
           CREATE_OPTIONS: 
            TABLE_COMMENT: 
         ORDINAL_POSITION: 1
              COLUMN_NAME: a
              COLUMN_TYPE: char(30)
              IS_NULLABLE: YES
           COLUMN_DEFAULT: None
               COLUMN_KEY: 
          CONSTRAINT_NAME: None
    REFERENCED_TABLE_NAME: None
   UNIQUE_CONSTRAINT_NAME: None
 UNIQUE_CONSTRAINT_SCHEMA: None
              UPDATE_RULE: None
              DELETE_RULE: None
          CONSTRAINT_NAME: None
                 COL_NAME: None
  REFERENCED_TABLE_SCHEMA: None
   REFERENCED_COLUMN_NAME: None
*************************       3. row *************************
            TABLE_CATALOG: None
             TABLE_SCHEMA: util_test
               TABLE_NAME: t3
               TABLE_TYPE: BASE TABLE
                   ENGINE: InnoDB
                  VERSION: 10
               ROW_FORMAT: Compact
               TABLE_ROWS: 3
           AVG_ROW_LENGTH: XXXXXXX
              DATA_LENGTH: XXXXXXX
          MAX_DATA_LENGTH: XXXXXXX
             INDEX_LENGTH: XXXXXXX
                DATA_FREE: XXXXXXXXXXX
           AUTO_INCREMENT: 4
              CREATE_TIME: XXXX-XX-XX XX:XX:XX
              UPDATE_TIME: XXXX-XX-XX XX:XX:XX
               CHECK_TIME: None
          TABLE_COLLATION: latin1_swedish_ci
                 CHECKSUM: None
           CREATE_OPTIONS: 
            TABLE_COMMENT: 
         ORDINAL_POSITION: 1
              COLUMN_NAME: a
              COLUMN_TYPE: int(11)
              IS_NULLABLE: NO
           COLUMN_DEFAULT: None
               COLUMN_KEY: PRI
          CONSTRAINT_NAME: None
    REFERENCED_TABLE_NAME: None
   UNIQUE_CONSTRAINT_NAME: None
 UNIQUE_CONSTRAINT_SCHEMA: None
              UPDATE_RULE: None
              DELETE_RULE: None
          CONSTRAINT_NAME: PRIMARY
                 COL_NAME: a
  REFERENCED_TABLE_SCHEMA: None
   REFERENCED_COLUMN_NAME: None
*************************       4. row *************************
            TABLE_CATALOG: None
             TABLE_SCHEMA: util_test
               TABLE_NAME: t3
               TABLE_TYPE: BASE TABLE
                   ENGINE: InnoDB
                  VERSION: 10
               ROW_FORMAT: Compact
               TABLE_ROWS: 3
           AVG_ROW_LENGTH: XXXXXXX
              DATA_LENGTH: XXXXXXX
          MAX_DATA_LENGTH: XXXXXXX
             INDEX_LENGTH: XXXXXXX
                DATA_FREE: XXXXXXXXXXX
           AUTO_INCREMENT: 4
              CREATE_TIME: XXXX-XX-XX XX:XX:XX
              UPDATE_TIME: XXXX-XX-XX XX:XX:XX
               CHECK_TIME: None
          TABLE_COLLATION: latin1_swedish_ci
                 CHECKSUM: None
           CREATE_OPTIONS: 
            TABLE_COMMENT: 
         ORDINAL_POSITION: 2
              COLUMN_NAME: b
              COLUMN_TYPE: char(30)
              IS_NULLABLE: YES
           COLUMN_DEFAULT: None
               COLUMN_KEY: 
          CONSTRAINT_NAME: None
    REFERENCED_TABLE_NAME: None
   UNIQUE_CONSTRAINT_NAME: None
 UNIQUE_CONSTRAINT_SCHEMA: None
              UPDATE_RULE: None
              DELETE_RULE: None
          CONSTRAINT_NAME: PRIMARY
                 COL_NAME: a
  REFERENCED_TABLE_SCHEMA: None
   REFERENCED_COLUMN_NAME: None
*************************       5. row *************************
            TABLE_CATALOG: None
             TABLE_SCHEMA: util_test
               TABLE_NAME: t4
               TABLE_TYPE: BASE TABLE
                   ENGINE: InnoDB
                  VERSION: 10
               ROW_FORMAT: Compact
               TABLE_ROWS: 1
           AVG_ROW_LENGTH: XXXXXXX
              DATA_LENGTH: XXXXXXX
          MAX_DATA_LENGTH: XXXXXXX
             INDEX_LENGTH: XXXXXXX
                DATA_FREE: XXXXXXXXXXX
           AUTO_INCREMENT: None
              CREATE_TIME: XXXX-XX-XX XX:XX:XX
              UPDATE_TIME: XXXX-XX-XX XX:XX:XX
               CHECK_TIME: None
          TABLE_COLLATION: latin1_swedish_ci
                 CHECKSUM: None
           CREATE_OPTIONS: 
            TABLE_COMMENT: 
         ORDINAL_POSITION: 1
              COLUMN_NAME: c
              COLUMN_TYPE: int(11)
              IS_NULLABLE: NO
           COLUMN_DEFAULT: None
               COLUMN_KEY: MUL
          CONSTRAINT_NAME: ref_t3
    REFERENCED_TABLE_NAME: t3
   UNIQUE_CONSTRAINT_NAME: PRIMARY
 UNIQUE_CONSTRAINT_SCHEMA: util_test
              UPDATE_RULE: RESTRICT
              DELETE_RULE: RESTRICT
          CONSTRAINT_NAME: ref_t3
                 COL_NAME: c
  REFERENCED_TABLE_SCHEMA: util_test
   REFERENCED_COLUMN_NAME: a
*************************       6. row *************************
            TABLE_CATALOG: None
             TABLE_SCHEMA: util_test
               TABLE_NAME: t4
               TABLE_TYPE: BASE TABLE
                   ENGINE: InnoDB
                  VERSION: 10
               ROW_FORMAT: Compact
               TABLE_ROWS: 1
           AVG_ROW_LENGTH: XXXXXXX
              DATA_LENGTH: XXXXXXX
          MAX_DATA_LENGTH: XXXXXXX
             INDEX_LENGTH: XXXXXXX
                DATA_FREE: XXXXXXXXXXX
           AUTO_INCREMENT: None
              CREATE_TIME: XXXX-XX-XX XX:XX:XX
              UPDATE_TIME: XXXX-XX-XX XX:XX:XX
               CHECK_TIME: None
          TABLE_COLLATION: latin1_swedish_ci
                 CHECKSUM: None
           CREATE_OPTIONS: 
            TABLE_COMMENT: 
         ORDINAL_POSITION: 2
              COLUMN_NAME: d
              COLUMN_TYPE: int(11)
              IS_NULLABLE: NO
           COLUMN_DEFAULT: None
               COLUMN_KEY: 
          CONSTRAINT_NAME: ref_t3
    REFERENCED_TABLE_NAME: t3
   UNIQUE_CONSTRAINT_NAME: PRIMARY
 UNIQUE_CONSTRAINT_SCHEMA: util_test
              UPDATE_RULE: RESTRICT
              DELETE_RULE: RESTRICT
          CONSTRAINT_NAME: ref_t3
                 COL_NAME: c
  REFERENCED_TABLE_SCHEMA: util_test
   REFERENCED_COLUMN_NAME: a
6 rows.
# VIEWS in util_test:
*************************       1. row *************************
        TABLE_CATALOG: None
         TABLE_SCHEMA: util_test
           TABLE_NAME: v1
      VIEW_DEFINITION: select `util_test`.`t1`.`a` AS `a` from `util_test`.`t1`
         CHECK_OPTION: NONE
         IS_UPDATABLE: YES
              DEFINER: root@localhost
        SECURITY_TYPE: DEFINER
 CHARACTER_SET_CLIENT: latin1
 COLLATION_CONNECTION: latin1_swedish_ci
1 rows.
# TRIGGERS in util_test:
*************************       1. row *************************
            TRIGGER_CATALOG: None
             TRIGGER_SCHEMA: util_test
               TRIGGER_NAME: trg
         EVENT_MANIPULATION: INSERT
       EVENT_OBJECT_CATALOG: None
        EVENT_OBJECT_SCHEMA: util_test
         EVENT_OBJECT_TABLE: t1
               ACTION_ORDER: 0
           ACTION_CONDITION: None
           ACTION_STATEMENT: INSERT INTO util_test.t2 VALUES('Test objects count')
         ACTION_ORIENTATION: ROW
              ACTION_TIMING: AFTER
 ACTION_REFERENCE_OLD_TABLE: None
 ACTION_REFERENCE_NEW_TABLE: None
   ACTION_REFERENCE_OLD_ROW: OLD
   ACTION_REFERENCE_NEW_ROW: NEW
                    CREATED: None
                   SQL_MODE: 
                    DEFINER: root@localhost
       CHARACTER_SET_CLIENT: latin1
       COLLATION_CONNECTION: latin1_swedish_ci
         DATABASE_COLLATION: latin1_swedish_ci
1 rows.
# PROCEDURES in util_test:
*************************       1. row *************************
                   DB: util_test
                 NAME: p1
                 TYPE: PROCEDURE
        SPECIFIC_NAME: p1
             LANGUAGE: SQL
      SQL_DATA_ACCESS: CONTAINS_SQL
     IS_DETERMINISTIC: NO
        SECURITY_TYPE: DEFINER
           PARAM_LIST: p1 CHAR(20)
              RETURNS: 
                 BODY: INSERT INTO util_test.t1 VALUES ("50")
              DEFINER: root@localhost
              CREATED: XXXX-XX-XX XX:XX:XX
             MODIFIED: XXXX-XX-XX XX:XX:XX
             SQL_MODE: 
              COMMENT: 
 CHARACTER_SET_CLIENT: latin1
 COLLATION_CONNECTION: latin1_swedish_ci
         DB_COLLATION: latin1_swedish_ci
            BODY_UTF8: INSERT INTO util_test.t1 VALUES ("50")
1 rows.
# FUNCTIONS in util_test:
*************************       1. row *************************
                   DB: util_test
                 NAME: f1
                 TYPE: FUNCTION
        SPECIFIC_NAME: f1
             LANGUAGE: SQL
      SQL_DATA_ACCESS: CONTAINS_SQL
     IS_DETERMINISTIC: YES
        SECURITY_TYPE: DEFINER
           PARAM_LIST: 
              RETURNS: int(11)
                 BODY: RETURN (SELECT 1)
              DEFINER: root@localhost
              CREATED: XXXX-XX-XX XX:XX:XX
             MODIFIED: XXXX-XX-XX XX:XX:XX
             SQL_MODE: 
              COMMENT: 
 CHARACTER_SET_CLIENT: latin1
 COLLATION_CONNECTION: latin1_swedish_ci
         DB_COLLATION: latin1_swedish_ci
            BODY_UTF8: RETURN (SELECT 1)
1 rows.
# EVENTS in util_test:
*************************       1. row *************************
                   DB: util_test
                 NAME: e1
                 BODY: DELETE FROM util_test.t1 WHERE a = "not there"
              DEFINER: root@localhost
           EXECUTE_AT: None
       INTERVAL_VALUE: 1
       INTERVAL_FIELD: YEAR
              CREATED: XXXX-XX-XX XX:XX:XX
             MODIFIED: XXXX-XX-XX XX:XX:XX
        LAST_EXECUTED: None
               STARTS: XXXX-XX-XX XX:XX:XX
                 ENDS: XXXX-XX-XX XX:XX:XX
               STATUS: DISABLED
        ON_COMPLETION: DROP
             SQL_MODE: 
              COMMENT: 
           ORIGINATOR: XX
            TIME_ZONE: SYSTEM
 CHARACTER_SET_CLIENT: latin1
 COLLATION_CONNECTION: latin1_swedish_ci
         DB_COLLATION: latin1_swedish_ci
            BODY_UTF8: DELETE FROM util_test.t1 WHERE a = "not there"
1 rows.
# GRANTS in util_test:
*************************       1. row *************************
        GRANTEE: 'joe'@'user'
 PRIVILEGE_TYPE: ALTER
   TABLE_SCHEMA: util_test
     TABLE_NAME: None
    COLUMN_NAME: None
   ROUTINE_NAME: None
*************************       2. row *************************
        GRANTEE: 'joe'@'user'
 PRIVILEGE_TYPE: ALTER ROUTINE
   TABLE_SCHEMA: util_test
     TABLE_NAME: None
    COLUMN_NAME: None
   ROUTINE_NAME: None
*************************       3. row *************************
        GRANTEE: 'joe'@'user'
 PRIVILEGE_TYPE: CREATE
   TABLE_SCHEMA: util_test
     TABLE_NAME: None
    COLUMN_NAME: None
   ROUTINE_NAME: None
*************************       4. row *************************
        GRANTEE: 'joe'@'user'
 PRIVILEGE_TYPE: CREATE ROUTINE
   TABLE_SCHEMA: util_test
     TABLE_NAME: None
    COLUMN_NAME: None
   ROUTINE_NAME: None
*************************       5. row *************************
        GRANTEE: 'joe'@'user'
 PRIVILEGE_TYPE: CREATE TEMPORARY TABLES
   TABLE_SCHEMA: util_test
     TABLE_NAME: None
    COLUMN_NAME: None
   ROUTINE_NAME: None
*************************       6. row *************************
        GRANTEE: 'joe'@'user'
 PRIVILEGE_TYPE: CREATE VIEW
   TABLE_SCHEMA: util_test
     TABLE_NAME: None
    COLUMN_NAME: None
   ROUTINE_NAME: None
*************************       7. row *************************
        GRANTEE: 'joe'@'user'
 PRIVILEGE_TYPE: DELETE
   TABLE_SCHEMA: util_test
     TABLE_NAME: None
    COLUMN_NAME: None
   ROUTINE_NAME: None
*************************       8. row *************************
        GRANTEE: 'joe'@'user'
 PRIVILEGE_TYPE: DROP
   TABLE_SCHEMA: util_test
     TABLE_NAME: None
    COLUMN_NAME: None
   ROUTINE_NAME: None
*************************       9. row *************************
        GRANTEE: 'joe'@'user'
 PRIVILEGE_TYPE: EVENT
   TABLE_SCHEMA: util_test
     TABLE_NAME: None
    COLUMN_NAME: None
   ROUTINE_NAME: None
*************************      10. row *************************
        GRANTEE: 'joe'@'user'
 PRIVILEGE_TYPE: EXECUTE
   TABLE_SCHEMA: util_test
     TABLE_NAME: None
    COLUMN_NAME: None
   ROUTINE_NAME: None
*************************      11. row *************************
        GRANTEE: 'joe'@'user'
 PRIVILEGE_TYPE: INDEX
   TABLE_SCHEMA: util_test
     TABLE_NAME: None
    COLUMN_NAME: None
   ROUTINE_NAME: None
*************************      12. row *************************
        GRANTEE: 'joe'@'user'
 PRIVILEGE_TYPE: INSERT
   TABLE_SCHEMA: util_test
     TABLE_NAME: None
    COLUMN_NAME: None
   ROUTINE_NAME: None
*************************      13. row *************************
        GRANTEE: 'joe'@'user'
 PRIVILEGE_TYPE: LOCK TABLES
   TABLE_SCHEMA: util_test
     TABLE_NAME: None
    COLUMN_NAME: None
   ROUTINE_NAME: None
*************************      14. row *************************
        GRANTEE: 'joe'@'user'
 PRIVILEGE_TYPE: REFERENCES
   TABLE_SCHEMA: util_test
     TABLE_NAME: None
    COLUMN_NAME: None
   ROUTINE_NAME: None
*************************      15. row *************************
        GRANTEE: 'joe'@'user'
 PRIVILEGE_TYPE: SELECT
   TABLE_SCHEMA: util_test
     TABLE_NAME: None
    COLUMN_NAME: None
   ROUTINE_NAME: None
*************************      16. row *************************
        GRANTEE: 'joe'@'user'
 PRIVILEGE_TYPE: SHOW VIEW
   TABLE_SCHEMA: util_test
     TABLE_NAME: None
    COLUMN_NAME: None
   ROUTINE_NAME: None
*************************      17. row *************************
        GRANTEE: 'joe'@'user'
 PRIVILEGE_TYPE: TRIGGER
   TABLE_SCHEMA: util_test
     TABLE_NAME: None
    COLUMN_NAME: None
   ROUTINE_NAME: None
*************************      18. row *************************
        GRANTEE: 'joe'@'user'
 PRIVILEGE_TYPE: UPDATE
   TABLE_SCHEMA: util_test
     TABLE_NAME: None
    COLUMN_NAME: None
   ROUTINE_NAME: None
18 rows.
#...done.
Test case 39 - VERTICAL format with NAMES display
# Source on localhost: ... connected.
# Exporting metadata from util_test
# TABLES in util_test:
*************************       1. row *************************
 TABLE_NAME: t1
*************************       2. row *************************
 TABLE_NAME: t2
*************************       3. row *************************
 TABLE_NAME: t3
*************************       4. row *************************
 TABLE_NAME: t4
4 rows.
# VIEWS in util_test:
*************************       1. row *************************
 TABLE_NAME: v1
1 rows.
# TRIGGERS in util_test:
*************************       1. row *************************
 TRIGGER_NAME: trg
1 rows.
# PROCEDURES in util_test:
*************************       1. row *************************
 NAME: p1
1 rows.
# FUNCTIONS in util_test:
*************************       1. row *************************
 NAME: f1
1 rows.
# EVENTS in util_test:
*************************       1. row *************************
 NAME: e1
1 rows.
# GRANTS in util_test:
*************************       1. row *************************
        GRANTEE: 'joe'@'user'
 PRIVILEGE_TYPE: ALTER
   TABLE_SCHEMA: util_test
     TABLE_NAME: None
    COLUMN_NAME: None
   ROUTINE_NAME: None
*************************       2. row *************************
        GRANTEE: 'joe'@'user'
 PRIVILEGE_TYPE: ALTER ROUTINE
   TABLE_SCHEMA: util_test
     TABLE_NAME: None
    COLUMN_NAME: None
   ROUTINE_NAME: None
*************************       3. row *************************
        GRANTEE: 'joe'@'user'
 PRIVILEGE_TYPE: CREATE
   TABLE_SCHEMA: util_test
     TABLE_NAME: None
    COLUMN_NAME: None
   ROUTINE_NAME: None
*************************       4. row *************************
        GRANTEE: 'joe'@'user'
 PRIVILEGE_TYPE: CREATE ROUTINE
   TABLE_SCHEMA: util_test
     TABLE_NAME: None
    COLUMN_NAME: None
   ROUTINE_NAME: None
*************************       5. row *************************
        GRANTEE: 'joe'@'user'
 PRIVILEGE_TYPE: CREATE TEMPORARY TABLES
   TABLE_SCHEMA: util_test
     TABLE_NAME: None
    COLUMN_NAME: None
   ROUTINE_NAME: None
*************************       6. row *************************
        GRANTEE: 'joe'@'user'
 PRIVILEGE_TYPE: CREATE VIEW
   TABLE_SCHEMA: util_test
     TABLE_NAME: None
    COLUMN_NAME: None
   ROUTINE_NAME: None
*************************       7. row *************************
        GRANTEE: 'joe'@'user'
 PRIVILEGE_TYPE: DELETE
   TABLE_SCHEMA: util_test
     TABLE_NAME: None
    COLUMN_NAME: None
   ROUTINE_NAME: None
*************************       8. row *************************
        GRANTEE: 'joe'@'user'
 PRIVILEGE_TYPE: DROP
   TABLE_SCHEMA: util_test
     TABLE_NAME: None
    COLUMN_NAME: None
   ROUTINE_NAME: None
*************************       9. row *************************
        GRANTEE: 'joe'@'user'
 PRIVILEGE_TYPE: EVENT
   TABLE_SCHEMA: util_test
     TABLE_NAME: None
    COLUMN_NAME: None
   ROUTINE_NAME: None
*************************      10. row *************************
        GRANTEE: 'joe'@'user'
 PRIVILEGE_TYPE: EXECUTE
   TABLE_SCHEMA: util_test
     TABLE_NAME: None
    COLUMN_NAME: None
   ROUTINE_NAME: None
*************************      11. row *************************
        GRANTEE: 'joe'@'user'
 PRIVILEGE_TYPE: INDEX
   TABLE_SCHEMA: util_test
     TABLE_NAME: None
    COLUMN_NAME: None
   ROUTINE_NAME: None
*************************      12. row *************************
        GRANTEE: 'joe'@'user'
 PRIVILEGE_TYPE: INSERT
   TABLE_SCHEMA: util_test
     TABLE_NAME: None
    COLUMN_NAME: None
   ROUTINE_NAME: None
*************************      13. row *************************
        GRANTEE: 'joe'@'user'
 PRIVILEGE_TYPE: LOCK TABLES
   TABLE_SCHEMA: util_test
     TABLE_NAME: None
    COLUMN_NAME: None
   ROUTINE_NAME: None
*************************      14. row *************************
        GRANTEE: 'joe'@'user'
 PRIVILEGE_TYPE: REFERENCES
   TABLE_SCHEMA: util_test
     TABLE_NAME: None
    COLUMN_NAME: None
   ROUTINE_NAME: None
*************************      15. row *************************
        GRANTEE: 'joe'@'user'
 PRIVILEGE_TYPE: SELECT
   TABLE_SCHEMA: util_test
     TABLE_NAME: None
    COLUMN_NAME: None
   ROUTINE_NAME: None
*************************      16. row *************************
        GRANTEE: 'joe'@'user'
 PRIVILEGE_TYPE: SHOW VIEW
   TABLE_SCHEMA: util_test
     TABLE_NAME: None
    COLUMN_NAME: None
   ROUTINE_NAME: None
*************************      17. row *************************
        GRANTEE: 'joe'@'user'
 PRIVILEGE_TYPE: TRIGGER
   TABLE_SCHEMA: util_test
     TABLE_NAME: None
    COLUMN_NAME: None
   ROUTINE_NAME: None
*************************      18. row *************************
        GRANTEE: 'joe'@'user'
 PRIVILEGE_TYPE: UPDATE
   TABLE_SCHEMA: util_test
     TABLE_NAME: None
    COLUMN_NAME: None
   ROUTINE_NAME: None
18 rows.
#...done.
